case_id,claim_type,priority,region,provider_id,member_id,diagnosis_group,procedure_group,created_at,closed_at,outcome,sla_threshold_hours,total_duration_hours,sla_breached,total_cost,rework_count,anomaly_label
C-0000001,Medical Claim,Standard,West,P-0010,M-00000197,Orthopedics,Outpatient,2025-11-24 01:14:38,,Pending Info,72,11.8,0,57.68,0,0
C-0000002,Appeal,Standard,Midwest,P-0005,M-00000481,Endocrinology,Therapy,2025-10-01 00:39:04,2025-10-04 08:41:48.372515387,Paid,120,80.05,0,230.06,0,0
C-0000003,Prior Authorization,Urgent,Midwest,P-0001,M-00000077,Cardiology,Therapy,2025-07-19 06:35:45,2025-07-20 04:18:47.921509002,Paid,24,21.72,0,149.37,0,0
C-0000004,Pharmacy Claim,Standard,West,P-0003,M-00000162,Respiratory,Imaging,2025-07-01 14:15:19,2025-07-02 08:56:01.974196055,Paid,48,18.68,0,70.85,0,0
C-0000005,Prior Authorization,High,West,P-0013,M-00000375,General,Diagnostic,2025-08-07 09:42:47,2025-08-08 05:38:22.351624496,Paid,48,19.93,0,127.61,0,0
C-0000006,Pharmacy Claim,Standard,Southeast,P-0007,M-00000052,Respiratory,Therapy,2025-09-17 21:03:36,2025-09-18 13:11:22.258680938,Paid,48,16.13,0,51.11,0,0
C-0000007,Prior Authorization,Standard,Midwest,P-0013,M-00000204,Cardiology,Surgical,2025-11-14 01:53:34,2025-11-17 00:35:08.486014911,Paid,48,70.69,1,489.42,0,0
C-0000008,Prior Authorization,High,West,P-0001,M-00000378,Behavioral Health,Surgical,2025-09-22 09:54:16,2025-09-23 12:24:34.563475979,Paid,48,26.51,0,223.55,1,0
C-0000009,High-Cost Specialty Drug,High,West,P-0009,M-00000437,Cardiology,Diagnostic,2025-07-05 05:37:52,2025-07-07 15:41:12.384063573,Paid,72,58.06,0,207.51,1,0
C-0000010,Out-of-Network Claim,Standard,Midwest,P-0011,M-00000023,Orthopedics,Outpatient,2025-08-08 11:50:15,2025-08-11 07:45:58.376798047,Paid,96,67.93,0,111.61,0,0
C-0000011,Prior Authorization,High,West,P-0011,M-00000018,Orthopedics,Surgical,2025-12-27 04:45:16,2025-12-29 12:57:26.132758035,Paid,48,56.2,1,446.06,0,0
C-0000012,Prior Authorization,Standard,Southeast,P-0014,M-00000497,Cardiology,Medication,2025-12-28 19:23:39,2025-12-31 01:40:32.876508620,Paid,48,54.28,1,354.27,0,0
C-0000013,Appeal,Standard,West,P-0020,M-00000282,Cardiology,Diagnostic,2025-09-08 00:25:09,2025-09-10 08:17:57.292490876,Denied,120,55.88,0,161.73,0,0
C-0000014,Medical Claim,Standard,West,P-0012,M-00000121,General,Inpatient,2025-11-25 07:29:47,2025-11-25 15:57:06.924827558,Paid,72,8.46,0,52.16,0,0
C-0000015,High-Cost Specialty Drug,Standard,Northeast,P-0022,M-00000314,General,Medication,2025-11-09 15:13:14,2025-11-12 17:57:13.337520515,Denied,72,74.73,1,184.76,0,0
C-0000016,Pharmacy Claim,Standard,Southeast,P-0014,M-00000493,Behavioral Health,Imaging,2025-12-18 10:07:52,,Pending Info,48,4.49,0,34.67,0,0
C-0000017,Medical Claim,High,Southeast,P-0007,M-00000365,Cardiology,Inpatient,2025-12-10 10:12:43,2025-12-11 00:03:22.408076310,Paid,72,13.84,0,41.29,0,0
C-0000018,Medical Claim,Standard,Midwest,P-0006,M-00000271,Orthopedics,Diagnostic,2025-10-24 01:25:59,2025-10-24 14:42:50.704037674,Paid,72,13.28,0,119.16,0,0
C-0000019,High-Cost Specialty Drug,High,Southwest,P-0009,M-00000192,Endocrinology,Outpatient,2025-09-11 05:12:52,2025-09-12 21:51:40.734638790,Denied,72,40.65,0,264.1,0,0
C-0000020,Medical Claim,High,Southwest,P-0015,M-00000170,General,Medication,2025-10-23 16:17:07,2025-10-23 23:18:10.126183496,Paid,72,7.02,0,58.98,0,0
C-0000021,Medical Claim,Standard,Southwest,P-0007,M-00000441,Orthopedics,Imaging,2025-08-28 09:37:47,2025-08-29 00:25:05.509774407,Paid,72,14.79,0,59.97,0,0
C-0000022,Pharmacy Claim,Standard,West,P-0023,M-00000309,Endocrinology,Medication,2025-09-02 16:48:49,2025-09-03 04:30:22.163334678,Paid,48,11.69,0,63.9,0,0
C-0000023,Medical Claim,Standard,Southwest,P-0012,M-00000285,General,Surgical,2025-10-20 09:35:27,2025-10-22 04:51:05.567275921,Paid,72,43.26,0,99.88,1,0
C-0000024,Medical Claim,Urgent,West,P-0022,M-00000121,General,Medication,2025-10-13 13:35:00,2025-10-13 22:24:30.732711397,Paid,24,8.83,0,54.03,0,0
C-0000025,Appeal,High,West,P-0018,M-00000341,Oncology,Outpatient,2025-10-15 07:42:19,2025-10-17 17:42:01.364125600,Paid,120,58.0,0,178.33,0,0
C-0000026,Medical Claim,Standard,Southeast,P-0009,M-00000412,Behavioral Health,Outpatient,2025-09-13 20:56:34,2025-09-14 10:24:28.440484449,Paid,72,13.47,0,40.64,0,0
C-0000027,High-Cost Specialty Drug,Standard,Southwest,P-0006,M-00000428,Orthopedics,Therapy,2025-07-02 20:45:48,2025-07-04 19:54:28.615955887,Denied,72,47.14,0,256.74,1,0
C-0000028,High-Cost Specialty Drug,Standard,Northeast,P-0019,M-00000369,Cardiology,Diagnostic,2025-10-19 02:59:41,2025-10-21 07:54:42.389381492,Paid,72,52.92,0,259.12,0,0
C-0000029,Pharmacy Claim,Urgent,Southwest,P-0009,M-00000023,Cardiology,Medication,2025-10-14 08:50:53,2025-10-14 13:48:20.035651995,Denied,24,4.96,0,65.81,0,0
C-0000030,Medical Claim,Urgent,Midwest,P-0007,M-00000107,Cardiology,Outpatient,2025-12-19 04:11:41,2025-12-19 19:43:44.706512225,Paid,24,15.53,0,63.65,0,0
C-0000031,Prior Authorization,Standard,Southwest,P-0024,M-00000495,Orthopedics,Outpatient,2025-10-01 06:47:44,2025-10-01 19:18:41.876137791,Denied,48,12.52,0,105.29,0,0
C-0000032,Medical Claim,Standard,Southwest,P-0013,M-00000425,Orthopedics,Diagnostic,2025-09-24 13:52:33,2025-09-25 05:11:35.506129690,Paid,72,15.32,0,41.93,0,0
C-0000033,Pharmacy Claim,Standard,West,P-0002,M-00000030,Orthopedics,Imaging,2025-07-13 09:15:40,2025-07-14 01:04:40.252134238,Paid,48,15.82,0,66.09,0,0
C-0000034,Out-of-Network Claim,High,Northeast,P-0013,M-00000170,Endocrinology,Imaging,2025-08-06 00:05:29,2025-08-06 15:11:46.929055268,Paid,96,15.1,0,88.07,0,0
C-0000035,Out-of-Network Claim,Standard,Southwest,P-0012,M-00000064,Endocrinology,Inpatient,2025-08-31 20:39:38,2025-09-02 02:31:46.485530180,Paid,96,29.87,0,101.84,0,0
C-0000036,Appeal,Standard,Northeast,P-0022,M-00000216,Orthopedics,Imaging,2025-09-08 00:41:19,2025-09-09 11:26:54.912953437,Paid,120,34.76,0,281.46,0,0
C-0000037,Medical Claim,High,Southwest,P-0018,M-00000434,Respiratory,Therapy,2025-09-05 08:54:58,2025-09-06 01:59:08.788582424,Denied,72,17.07,0,51.32,0,0
C-0000038,Prior Authorization,Standard,Southwest,P-0005,M-00000403,General,Surgical,2025-09-11 02:55:04,2025-09-14 15:13:37.814915779,Denied,48,84.31,1,655.39,0,0
C-0000039,Prior Authorization,Standard,Southwest,P-0004,M-00000450,General,Inpatient,2025-11-18 17:05:13,2025-11-21 01:37:30.265165397,Paid,48,56.54,1,357.45,1,0
C-0000040,Pharmacy Claim,Standard,Northeast,P-0016,M-00000473,Behavioral Health,Diagnostic,2025-07-24 23:49:45,2025-07-25 09:35:53.572386043,Paid,48,9.77,0,66.71,0,0
C-0000041,Prior Authorization,Standard,Southwest,P-0002,M-00000099,Cardiology,Imaging,2025-08-30 19:17:02,2025-09-01 10:54:12.818576395,Paid,48,39.62,0,221.56,0,0
C-0000042,Medical Claim,Urgent,Southwest,P-0008,M-00000189,Orthopedics,Diagnostic,2025-07-30 19:19:53,2025-07-31 19:01:22.058640047,Paid,24,23.69,0,94.45,1,0
C-0000043,Medical Claim,Standard,Southeast,P-0004,M-00000229,Endocrinology,Diagnostic,2025-08-26 07:50:16,2025-08-27 09:33:56.165973564,Paid,72,25.73,0,65.7,0,0
C-0000044,Prior Authorization,Standard,West,P-0001,M-00000117,Respiratory,Imaging,2025-11-03 06:35:47,2025-11-04 15:48:57.802351556,Paid,48,33.22,0,128.64,0,0
C-0000045,Medical Claim,Standard,Southeast,P-0023,M-00000125,Respiratory,Therapy,2025-07-09 13:23:11,2025-07-10 06:33:34.994005798,Paid,72,17.17,0,65.15,0,0
C-0000046,Medical Claim,Standard,Northeast,P-0003,M-00000287,Orthopedics,Medication,2025-09-01 02:59:10,2025-09-01 19:59:27.793596761,Paid,72,17.0,0,80.61,0,0
C-0000047,High-Cost Specialty Drug,Standard,Midwest,P-0001,M-00000125,Respiratory,Diagnostic,2025-07-05 08:01:50,2025-07-07 16:44:12.547382178,Paid,72,56.71,0,273.03,0,0
C-0000048,Out-of-Network Claim,High,West,P-0024,M-00000441,Orthopedics,Inpatient,2025-12-22 17:54:49,2025-12-24 07:35:29.911630552,Paid,96,37.68,0,155.91,1,0
C-0000049,Prior Authorization,High,Midwest,P-0005,M-00000264,Endocrinology,Inpatient,2025-11-11 02:07:17,2025-11-12 00:02:12.774308333,Paid,48,21.92,0,155.68,0,0
C-0000050,High-Cost Specialty Drug,Standard,Southeast,P-0021,M-00000306,Cardiology,Surgical,2025-08-14 13:52:36,2025-08-17 19:41:49.140493290,Paid,72,77.82,1,255.41,0,0
C-0000051,Out-of-Network Claim,Standard,Southwest,P-0001,M-00000155,Orthopedics,Medication,2025-08-06 06:28:55,2025-08-08 03:46:46.700009971,Paid,96,45.3,0,164.23,1,0
C-0000052,Medical Claim,Standard,Midwest,P-0004,M-00000128,Respiratory,Outpatient,2025-07-19 02:28:35,2025-07-20 09:19:40.427095716,Denied,72,30.85,0,113.19,1,0
C-0000053,Pharmacy Claim,Standard,Northeast,P-0003,M-00000034,Respiratory,Surgical,2025-09-25 12:53:18,2025-09-28 02:56:40.460414454,Paid,48,62.06,1,426.22,5,1
C-0000054,Pharmacy Claim,Standard,West,P-0018,M-00000125,Cardiology,Imaging,2025-11-15 21:23:31,2025-11-16 23:38:14.073142035,Paid,48,26.25,0,60.34,0,0
C-0000055,Medical Claim,Standard,Southeast,P-0016,M-00000125,Oncology,Outpatient,2025-10-15 21:51:04,2025-10-16 08:48:55.392747069,Paid,72,10.96,0,79.98,0,0
C-0000056,Appeal,Standard,West,P-0012,M-00000458,Oncology,Inpatient,2025-12-09 05:30:37,2025-12-12 02:28:45.728674952,Paid,120,68.97,0,311.6,0,0
C-0000057,Pharmacy Claim,Urgent,Northeast,P-0007,M-00000137,Endocrinology,Surgical,2025-09-01 22:02:50,2025-09-02 05:50:45.357966212,Denied,24,7.8,0,52.9,0,0
C-0000058,Pharmacy Claim,Standard,West,P-0003,M-00000169,Cardiology,Surgical,2025-08-20 21:28:25,2025-08-21 14:42:13.643889626,Paid,48,17.23,0,94.06,0,0
C-0000059,Medical Claim,Standard,Midwest,P-0015,M-00000468,Respiratory,Surgical,2025-09-26 11:36:10,2025-09-27 10:35:23.116373762,Paid,72,22.99,0,55.7,0,0
C-0000060,Medical Claim,Standard,West,P-0006,M-00000032,Oncology,Diagnostic,2025-08-06 23:34:15,2025-08-07 09:42:08.429073710,Denied,72,10.13,0,60.98,0,0
C-0000061,Out-of-Network Claim,Standard,Southwest,P-0015,M-00000150,Cardiology,Diagnostic,2025-12-26 13:01:55,2025-12-29 09:26:16.158449810,Paid,96,68.41,0,92.68,0,0
C-0000062,Medical Claim,Standard,Southeast,P-0018,M-00000284,Endocrinology,Medication,2025-08-03 23:53:05,2025-08-04 07:35:35.522224986,Paid,72,7.71,0,43.21,0,0
C-0000063,Medical Claim,Standard,West,P-0022,M-00000468,Behavioral Health,Medication,2025-09-26 15:10:56,2025-09-28 12:37:38.367562850,Paid,72,45.45,0,93.93,1,0
C-0000064,Medical Claim,Standard,Midwest,P-0013,M-00000295,General,Inpatient,2025-10-04 12:40:40,2025-10-05 09:00:51.055175328,Denied,72,20.34,0,98.38,1,0
C-0000065,Pharmacy Claim,Standard,West,P-0001,M-00000263,Behavioral Health,Therapy,2025-07-11 10:32:51,2025-07-12 00:54:05.200841487,Paid,48,14.35,0,72.83,0,0
C-0000066,Prior Authorization,Standard,West,P-0008,M-00000393,Respiratory,Diagnostic,2025-09-24 17:17:09,2025-09-26 01:26:10.965449085,Paid,48,32.15,0,142.28,0,0
C-0000067,Pharmacy Claim,High,Southeast,P-0022,M-00000132,Orthopedics,Outpatient,2025-09-22 05:03:09,2025-09-22 13:45:54.573191415,Paid,48,8.71,0,70.43,0,0
C-0000068,Medical Claim,Standard,West,P-0014,M-00000358,Respiratory,Inpatient,2025-08-17 11:27:35,2025-08-19 01:12:30.154359355,Paid,72,37.75,0,131.02,2,0
C-0000069,Medical Claim,Standard,Midwest,P-0016,M-00000489,Cardiology,Diagnostic,2025-07-24 10:02:12,,Pending Info,72,33.82,0,135.28,1,0
C-0000070,High-Cost Specialty Drug,Standard,Midwest,P-0012,M-00000430,Cardiology,Medication,2025-07-09 06:24:01,,Pending Info,72,75.14,1,283.5,0,0
C-0000071,Prior Authorization,High,Southeast,P-0005,M-00000467,Respiratory,Diagnostic,2025-07-02 13:41:27,2025-07-03 13:35:14.339057002,Denied,48,23.9,0,141.03,0,0
C-0000072,Prior Authorization,Standard,Southeast,P-0023,M-00000195,Oncology,Surgical,2025-09-27 02:42:35,2025-09-28 19:07:59.587011936,Paid,48,40.42,0,225.08,0,0
C-0000073,Prior Authorization,High,Southwest,P-0020,M-00000271,Oncology,Inpatient,2025-07-17 10:34:56,2025-07-19 04:29:11.966466110,Paid,48,41.9,0,219.36,0,0
C-0000074,Appeal,Standard,Southeast,P-0025,M-00000397,Behavioral Health,Imaging,2025-12-23 13:23:15,2025-12-25 05:58:19.429159786,Denied,120,40.58,0,218.85,1,0
C-0000075,Medical Claim,Standard,Southeast,P-0022,M-00000352,Endocrinology,Diagnostic,2025-08-14 18:55:46,2025-08-15 13:19:13.461376312,Paid,72,18.39,0,96.65,1,0
C-0000076,Pharmacy Claim,High,Northeast,P-0008,M-00000394,Endocrinology,Imaging,2025-10-28 09:51:51,2025-10-28 20:17:28.421873201,Paid,48,10.43,0,54.99,0,0
C-0000077,Prior Authorization,High,West,P-0007,M-00000468,Orthopedics,Inpatient,2025-11-01 05:57:37,2025-11-02 19:38:22.290421849,Denied,48,37.68,0,200.93,1,0
C-0000078,Pharmacy Claim,Standard,Southeast,P-0007,M-00000487,Oncology,Diagnostic,2025-09-29 16:15:53,2025-09-30 01:50:19.283265609,Paid,48,9.57,0,66.14,0,0
C-0000079,High-Cost Specialty Drug,Urgent,Northeast,P-0023,M-00000268,Respiratory,Inpatient,2025-12-09 16:49:35,2025-12-10 15:02:33.284066120,Paid,24,22.22,0,219.41,0,0
C-0000080,Pharmacy Claim,Standard,Northeast,P-0014,M-00000030,Orthopedics,Therapy,2025-07-21 06:09:34,2025-07-21 15:03:30.405747842,Paid,48,8.9,0,44.78,0,0
C-0000081,Appeal,Standard,Southeast,P-0012,M-00000151,Behavioral Health,Medication,2025-08-12 19:52:00,2025-08-15 00:45:00.889800109,Paid,120,52.88,0,157.86,0,0
C-0000082,High-Cost Specialty Drug,Standard,Northeast,P-0025,M-00000068,Endocrinology,Outpatient,2025-08-16 04:42:00,2025-08-18 11:59:14.227092150,Denied,72,55.29,0,248.67,0,0
C-0000083,Prior Authorization,Standard,Midwest,P-0016,M-00000461,Orthopedics,Medication,2025-07-25 18:44:24,2025-07-28 02:59:52.193369146,Paid,48,56.26,1,348.43,0,0
C-0000084,Out-of-Network Claim,Standard,Northeast,P-0023,M-00000177,General,Outpatient,2025-08-23 22:38:49,2025-08-24 21:01:43.830952938,Denied,96,22.38,0,163.02,0,0
C-0000085,Prior Authorization,Standard,Southeast,P-0025,M-00000226,Oncology,Surgical,2025-08-27 05:19:20,2025-08-28 19:03:08.464833214,Paid,48,37.73,0,138.21,0,0
C-0000086,High-Cost Specialty Drug,Standard,Southwest,P-0002,M-00000103,Cardiology,Inpatient,2025-11-17 23:01:01,2025-11-19 14:48:14.720209186,Paid,72,39.79,0,247.99,0,0
C-0000087,Pharmacy Claim,Standard,Northeast,P-0010,M-00000345,Cardiology,Medication,2025-08-25 04:44:37,2025-08-25 14:11:41.220504706,Paid,48,9.45,0,63.68,0,0
C-0000088,Pharmacy Claim,High,Southwest,P-0019,M-00000463,Oncology,Imaging,2025-12-08 10:30:49,2025-12-08 15:38:35.720794118,Denied,48,5.13,0,57.35,0,0
C-0000089,Prior Authorization,High,West,P-0021,M-00000094,General,Therapy,2025-11-19 09:35:04,2025-11-22 16:30:26.674927624,Paid,48,78.92,1,730.83,0,0
C-0000090,Medical Claim,Standard,Southeast,P-0004,M-00000237,Cardiology,Inpatient,2025-12-13 00:00:39,2025-12-13 12:58:42.078356296,Paid,72,12.97,0,90.86,0,0
C-0000091,Pharmacy Claim,Standard,Southeast,P-0008,M-00000330,General,Outpatient,2025-07-20 06:08:47,2025-07-20 15:53:14.741846071,Denied,48,9.74,0,48.17,0,0
C-0000092,Out-of-Network Claim,High,Midwest,P-0014,M-00000234,General,Imaging,2025-12-28 04:13:31,2025-12-29 20:54:31.835374190,Paid,96,40.68,0,129.21,1,0
C-0000093,Prior Authorization,High,Midwest,P-0020,M-00000245,Oncology,Medication,2025-10-21 08:31:29,2025-10-22 14:12:54.123099973,Denied,48,29.69,0,306.33,1,0
C-0000094,Medical Claim,Standard,Northeast,P-0003,M-00000323,Respiratory,Therapy,2025-12-27 18:33:16,2025-12-28 06:22:57.296324376,Paid,72,11.83,0,52.93,0,0
C-0000095,Pharmacy Claim,Standard,West,P-0016,M-00000378,Cardiology,Therapy,2025-09-03 22:28:02,2025-09-04 04:33:08.601237975,Paid,48,6.09,0,73.49,0,0
C-0000096,Medical Claim,Standard,Southwest,P-0008,M-00000460,Cardiology,Surgical,2025-12-22 09:34:19,2025-12-22 17:24:11.228112985,Paid,72,7.83,0,69.64,0,0
C-0000097,Medical Claim,Urgent,Northeast,P-0006,M-00000152,Cardiology,Outpatient,2025-10-16 17:09:21,2025-10-17 03:10:35.759525834,Paid,24,10.02,0,62.81,0,0
C-0000098,Out-of-Network Claim,Standard,Southwest,P-0013,M-00000161,General,Outpatient,2025-07-14 03:26:34,2025-07-15 00:50:47.422850789,Paid,96,21.4,0,100.27,0,0
C-0000099,Pharmacy Claim,Standard,Southwest,P-0011,M-00000426,Orthopedics,Diagnostic,2025-09-14 01:16:00,2025-09-14 12:25:35.933577595,Paid,48,11.16,0,57.67,0,0
C-0000100,Medical Claim,Standard,Southwest,P-0016,M-00000340,Cardiology,Imaging,2025-07-26 05:11:21,,Pending Info,72,2.16,0,12.51,1,0
C-0000101,Prior Authorization,High,Midwest,P-0008,M-00000191,Endocrinology,Therapy,2025-12-20 06:06:01,2025-12-21 06:32:33.834614368,Denied,48,24.44,0,148.64,0,0
C-0000102,Medical Claim,Standard,Midwest,P-0021,M-00000130,Cardiology,Imaging,2025-08-25 17:13:01,2025-08-26 12:45:54.782009251,Paid,72,19.55,0,69.12,0,0
C-0000103,Medical Claim,Standard,Northeast,P-0002,M-00000203,Cardiology,Outpatient,2025-08-10 16:36:36,2025-08-11 00:06:04.510058639,Paid,72,7.49,0,66.39,0,0
C-0000104,Prior Authorization,Standard,West,P-0022,M-00000023,Orthopedics,Medication,2025-10-10 04:19:44,2025-10-11 19:53:48.981987027,Paid,48,39.57,0,101.75,0,0
C-0000105,Prior Authorization,High,West,P-0001,M-00000323,Oncology,Imaging,2025-09-16 19:18:33,2025-09-17 16:13:41.146390623,Paid,48,20.92,0,138.87,0,0
C-0000106,Out-of-Network Claim,Standard,Midwest,P-0019,M-00000287,Endocrinology,Therapy,2025-07-18 17:55:36,2025-07-19 18:52:30.247611226,Paid,96,24.95,0,107.65,0,0
C-0000107,Prior Authorization,Standard,Southeast,P-0009,M-00000329,Oncology,Inpatient,2025-11-27 10:02:31,2025-11-29 19:23:20.601771207,Paid,48,57.35,1,487.24,0,0
C-0000108,Pharmacy Claim,High,Southeast,P-0010,M-00000371,Endocrinology,Surgical,2025-12-02 18:44:24,2025-12-03 05:29:17.968585472,Paid,48,10.75,0,60.74,0,0
C-0000109,Appeal,Urgent,Southwest,P-0001,M-00000227,Cardiology,Therapy,2025-11-13 23:05:23,2025-11-14 13:57:28.240278554,Denied,24,14.87,0,273.88,0,0
C-0000110,Out-of-Network Claim,Standard,West,P-0018,M-00000163,Endocrinology,Inpatient,2025-10-21 20:47:35,2025-10-22 17:48:00.808585870,Paid,96,21.01,0,139.03,0,0
C-0000111,Prior Authorization,Standard,Midwest,P-0005,M-00000307,Oncology,Therapy,2025-09-12 16:02:00,2025-09-15 12:47:42.780672210,Denied,48,68.76,1,486.32,2,0
C-0000112,Out-of-Network Claim,Standard,Midwest,P-0017,M-00000375,Respiratory,Therapy,2025-10-08 06:03:52,2025-10-09 14:52:39.250470422,Paid,96,32.81,0,123.41,0,0
C-0000113,Appeal,Standard,West,P-0019,M-00000306,Endocrinology,Therapy,2025-10-04 08:12:58,2025-10-07 14:19:10.397950718,Paid,120,78.1,0,274.16,1,0
C-0000114,High-Cost Specialty Drug,Standard,Southwest,P-0022,M-00000491,Cardiology,Therapy,2025-07-31 06:02:50,2025-08-02 04:51:17.784729791,Paid,72,46.81,0,262.29,0,0
C-0000115,Medical Claim,Standard,West,P-0018,M-00000164,Orthopedics,Inpatient,2025-07-15 23:19:25,2025-07-16 22:36:10.019420188,Denied,72,23.28,0,49.04,0,0
C-0000116,Prior Authorization,Standard,Southwest,P-0008,M-00000412,Respiratory,Outpatient,2025-08-16 08:17:52,2025-08-17 22:40:50.913711179,Denied,48,38.38,0,252.5,0,0
C-0000117,Pharmacy Claim,Standard,West,P-0019,M-00000264,Orthopedics,Surgical,2025-09-22 03:25:57,2025-09-22 23:39:59.210283481,Paid,48,20.23,0,43.68,0,0
C-0000118,Prior Authorization,Standard,Northeast,P-0021,M-00000291,Respiratory,Therapy,2025-07-30 08:05:25,2025-07-31 00:43:55.774796442,Paid,48,16.64,0,122.28,0,0
C-0000119,Prior Authorization,Standard,Southwest,P-0008,M-00000476,Oncology,Surgical,2025-07-20 12:29:01,2025-07-22 06:23:04.794971839,Paid,48,41.9,0,151.14,0,0
C-0000120,Out-of-Network Claim,High,Southeast,P-0004,M-00000363,Orthopedics,Medication,2025-12-03 21:41:25,2025-12-05 02:50:31.125145393,Denied,96,29.15,0,79.18,0,0
C-0000121,Out-of-Network Claim,Standard,Northeast,P-0023,M-00000122,Respiratory,Therapy,2025-09-07 14:59:08,2025-09-08 01:53:33.450914058,Denied,96,10.91,0,89.79,0,0
C-0000122,Medical Claim,Standard,Southeast,P-0004,M-00000072,Endocrinology,Therapy,2025-10-15 21:55:43,2025-10-16 17:00:58.682810641,Paid,72,19.09,0,97.91,1,0
C-0000123,Prior Authorization,High,Midwest,P-0015,M-00000238,Respiratory,Inpatient,2025-10-04 21:31:55,2025-10-06 12:34:27.033734703,Paid,48,39.04,0,150.37,0,0
C-0000124,Appeal,Standard,Midwest,P-0006,M-00000173,General,Inpatient,2025-11-12 12:41:18,2025-11-15 14:32:32.327156775,Paid,120,73.85,0,266.03,0,0
C-0000125,Pharmacy Claim,Standard,Southeast,P-0004,M-00000455,Behavioral Health,Medication,2025-11-13 09:15:17,2025-11-14 05:15:04.395380312,Paid,48,20.0,0,64.0,0,0
C-0000126,Medical Claim,Standard,Northeast,P-0020,M-00000428,Cardiology,Therapy,2025-08-24 04:10:34,2025-08-24 14:25:06.709689711,Paid,72,10.24,0,51.66,0,0
C-0000127,Medical Claim,Standard,Southwest,P-0004,M-00000129,Endocrinology,Outpatient,2025-12-03 04:00:33,2025-12-03 19:49:58.146404906,Paid,72,15.82,0,46.66,0,0
C-0000128,Appeal,Standard,Southwest,P-0017,M-00000386,General,Medication,2025-09-06 22:32:29,2025-09-08 17:34:23.603047470,Paid,120,43.03,0,251.26,0,0
C-0000129,Pharmacy Claim,Urgent,West,P-0018,M-00000015,Endocrinology,Outpatient,2025-11-30 20:13:33,2025-12-01 11:35:52.677316363,Paid,24,15.37,0,68.44,0,0
C-0000130,Out-of-Network Claim,High,Southwest,P-0002,M-00000192,General,Outpatient,2025-09-13 02:07:22,2025-09-14 05:17:30.114024745,Paid,96,27.17,0,79.17,0,0
C-0000131,Pharmacy Claim,Standard,West,P-0005,M-00000257,Respiratory,Diagnostic,2025-07-21 07:29:10,2025-07-21 22:17:11.762164942,Paid,48,14.8,0,60.9,0,0
C-0000132,Out-of-Network Claim,Standard,Midwest,P-0020,M-00000444,Endocrinology,Outpatient,2025-11-17 01:59:08,2025-11-18 01:32:42.362342451,Paid,96,23.56,0,163.81,0,0
C-0000133,Pharmacy Claim,Standard,Southwest,P-0013,M-00000273,Endocrinology,Medication,2025-07-06 12:28:06,2025-07-07 01:50:10.499610846,Paid,48,13.37,0,66.41,0,0
C-0000134,Appeal,Standard,Northeast,P-0004,M-00000132,Behavioral Health,Imaging,2025-11-19 08:10:27,2025-11-21 15:02:11.302116469,Denied,120,54.86,0,397.81,0,0
C-0000135,Medical Claim,High,West,P-0025,M-00000188,Respiratory,Outpatient,2025-07-08 21:34:13,,Pending Info,72,24.78,0,58.58,0,0
C-0000136,Prior Authorization,Standard,Northeast,P-0007,M-00000267,General,Outpatient,2025-08-07 20:19:30,2025-08-10 03:54:59.926609068,Paid,48,55.59,1,368.65,0,0
C-0000137,Appeal,Standard,Midwest,P-0001,M-00000212,Orthopedics,Diagnostic,2025-10-19 09:58:39,2025-10-21 08:48:29.828852073,Paid,120,46.83,0,260.61,0,0
C-0000138,Out-of-Network Claim,Standard,Midwest,P-0024,M-00000202,Oncology,Surgical,2025-12-20 07:14:19,2025-12-21 10:28:47.797180436,Denied,96,27.24,0,113.26,0,0
C-0000139,High-Cost Specialty Drug,Standard,West,P-0001,M-00000131,Oncology,Outpatient,2025-09-13 18:02:02,2025-09-16 17:32:18.604128367,Paid,72,71.5,0,216.02,1,0
C-0000140,Medical Claim,Standard,Northeast,P-0014,M-00000199,Respiratory,Inpatient,2025-07-23 01:55:05,2025-07-23 10:54:42.510454423,Paid,72,8.99,0,59.02,0,0
C-0000141,Pharmacy Claim,High,Southeast,P-0025,M-00000180,General,Therapy,2025-08-12 14:56:11,2025-08-13 00:55:16.229514558,Paid,48,9.98,0,69.74,0,0
C-0000142,Medical Claim,Standard,Northeast,P-0015,M-00000260,Cardiology,Medication,2025-12-11 23:46:05,2025-12-12 16:15:12.077576403,Paid,72,16.49,0,68.04,0,0
C-0000143,Medical Claim,Standard,Southwest,P-0015,M-00000019,Oncology,Inpatient,2025-11-10 23:49:25,2025-11-12 04:32:08.282521609,Paid,72,28.71,0,50.34,0,0
C-0000144,Prior Authorization,Standard,Midwest,P-0010,M-00000378,Orthopedics,Medication,2025-07-19 08:56:15,2025-07-20 12:58:52.171181970,Paid,48,28.04,0,166.59,0,0
C-0000145,Prior Authorization,High,Northeast,P-0004,M-00000055,Endocrinology,Imaging,2025-09-09 10:28:07,2025-09-10 17:54:32.498880275,Paid,48,31.44,0,130.85,0,0
C-0000146,Appeal,Standard,West,P-0015,M-00000351,Behavioral Health,Outpatient,2025-08-18 09:51:31,2025-08-20 11:53:15.839137978,Paid,120,50.03,0,244.76,0,0
C-0000147,High-Cost Specialty Drug,Standard,Southeast,P-0023,M-00000379,Behavioral Health,Medication,2025-08-02 13:02:16,2025-08-04 12:30:45.785552794,Paid,72,47.47,0,221.23,0,0
C-0000148,Prior Authorization,Urgent,Midwest,P-0003,M-00000333,General,Inpatient,2025-12-02 21:44:01,2025-12-05 20:29:34.847788128,Paid,24,70.76,1,913.42,0,0
C-0000149,Appeal,Standard,Northeast,P-0023,M-00000293,Endocrinology,Outpatient,2025-10-22 00:59:22,2025-10-24 04:13:55.370503204,Paid,120,51.24,0,297.91,0,0
C-0000150,Medical Claim,Standard,Southeast,P-0011,M-00000463,Respiratory,Surgical,2025-08-02 20:19:45,2025-08-04 04:29:42.827842490,Paid,72,32.17,0,139.06,1,0
C-0000151,Medical Claim,Standard,West,P-0014,M-00000449,Orthopedics,Imaging,2025-10-28 01:51:10,2025-10-28 19:27:24.999970453,Paid,72,17.6,0,51.19,0,0
C-0000152,Prior Authorization,Standard,West,P-0005,M-00000206,Oncology,Therapy,2025-09-14 16:23:25,2025-09-15 22:36:40.389647141,Paid,48,30.22,0,145.73,0,0
C-0000153,High-Cost Specialty Drug,Standard,Midwest,P-0016,M-00000251,Behavioral Health,Therapy,2025-07-12 06:00:20,2025-07-14 09:46:41.211882266,Paid,72,51.77,0,294.31,0,0
C-0000154,Medical Claim,Standard,Midwest,P-0005,M-00000412,Behavioral Health,Surgical,2025-09-21 07:46:55,2025-09-22 03:11:35.258796828,Paid,72,19.41,0,109.57,0,0
C-0000155,Prior Authorization,Standard,Northeast,P-0007,M-00000162,Orthopedics,Diagnostic,2025-08-03 21:32:18,,Pending Info,48,33.33,0,113.66,0,0
C-0000156,Prior Authorization,Standard,Southeast,P-0019,M-00000180,Behavioral Health,Medication,2025-08-14 21:10:38,2025-08-18 04:35:19.339188571,Paid,48,79.41,1,568.27,0,0
C-0000157,Medical Claim,Standard,West,P-0002,M-00000204,Orthopedics,Imaging,2025-12-08 20:33:32,2025-12-09 12:04:39.125466123,Paid,72,15.52,0,70.11,0,0
C-0000158,Pharmacy Claim,Standard,West,P-0012,M-00000396,General,Surgical,2025-11-07 23:23:48,2025-11-08 18:03:16.074121782,Paid,48,18.66,0,55.94,0,0
C-0000159,High-Cost Specialty Drug,Standard,Midwest,P-0015,M-00000113,Orthopedics,Medication,2025-07-25 12:55:45,2025-07-27 12:03:55.582778685,Denied,72,47.14,0,183.82,0,0
C-0000160,Prior Authorization,Standard,West,P-0004,M-00000373,Oncology,Imaging,2025-12-03 19:03:42,2025-12-05 17:31:41.772988821,Denied,48,46.47,0,136.76,0,0
C-0000161,Medical Claim,Standard,Midwest,P-0008,M-00000469,Behavioral Health,Medication,2025-10-14 02:21:28,2025-10-14 22:26:35.112050493,Paid,72,20.09,0,70.89,0,0
C-0000162,High-Cost Specialty Drug,Standard,Midwest,P-0009,M-00000498,Orthopedics,Outpatient,2025-12-08 01:08:02,2025-12-09 22:00:58.773979666,Paid,72,44.88,0,261.23,0,0
C-0000163,Pharmacy Claim,Standard,Southwest,P-0017,M-00000107,Behavioral Health,Surgical,2025-11-14 17:09:18,2025-11-16 05:53:48.245558205,Denied,48,36.74,0,141.93,2,0
C-0000164,High-Cost Specialty Drug,Standard,Midwest,P-0025,M-00000407,Oncology,Medication,2025-09-01 02:18:10,2025-09-03 01:10:17.126478011,Paid,72,46.87,0,256.07,1,0
C-0000165,Medical Claim,Standard,West,P-0021,M-00000321,General,Medication,2025-10-06 21:08:31,2025-10-07 13:06:52.506440740,Paid,72,15.97,0,66.61,0,0
C-0000166,Prior Authorization,Standard,Midwest,P-0005,M-00000176,Respiratory,Therapy,2025-10-06 03:29:41,2025-10-08 03:00:14.556093262,Paid,48,47.51,0,183.92,0,0
C-0000167,Pharmacy Claim,Standard,Southwest,P-0001,M-00000461,Endocrinology,Therapy,2025-11-09 17:58:59,2025-11-10 02:31:17.552795527,Paid,48,8.54,0,55.99,0,0
C-0000168,Medical Claim,Standard,West,P-0002,M-00000448,Respiratory,Outpatient,2025-08-15 11:00:03,2025-08-17 04:29:37.202503517,Paid,72,41.49,0,113.16,1,0
C-0000169,High-Cost Specialty Drug,Standard,Southeast,P-0015,M-00000025,Orthopedics,Medication,2025-08-30 22:55:27,2025-09-02 10:40:30.418381238,Denied,72,59.75,0,215.66,0,0
C-0000170,Medical Claim,High,West,P-0004,M-00000079,Respiratory,Diagnostic,2025-08-14 19:08:46,2025-08-15 06:42:25.525526603,Denied,72,11.56,0,51.1,0,0
C-0000171,Medical Claim,Urgent,Northeast,P-0006,M-00000361,Endocrinology,Therapy,2025-08-24 04:39:34,2025-08-24 09:26:23.339192853,Paid,24,4.78,0,56.91,0,0
C-0000172,Pharmacy Claim,Standard,Southeast,P-0022,M-00000028,Orthopedics,Therapy,2025-07-30 12:13:40,2025-07-31 02:04:19.462389348,Paid,48,13.84,0,74.32,0,0
C-0000173,Prior Authorization,Standard,Northeast,P-0022,M-00000455,Oncology,Surgical,2025-07-07 16:30:43,2025-07-09 21:29:36.675440893,Paid,48,52.98,1,249.66,1,0
C-0000174,Appeal,Standard,Northeast,P-0021,M-00000439,Cardiology,Therapy,2025-12-20 00:33:48,2025-12-22 20:05:20.548109216,Paid,120,67.53,0,264.42,0,0
C-0000175,Out-of-Network Claim,Standard,Midwest,P-0007,M-00000138,Endocrinology,Therapy,2025-07-14 14:23:36,2025-07-15 10:25:31.410781210,Paid,96,20.03,0,115.6,0,0
C-0000176,Medical Claim,High,Northeast,P-0016,M-00000366,Endocrinology,Surgical,2025-12-10 12:02:48,2025-12-11 01:39:26.282855961,Paid,72,13.61,0,54.66,0,0
C-0000177,Pharmacy Claim,Standard,West,P-0016,M-00000108,Orthopedics,Imaging,2025-07-01 13:31:04,2025-07-02 04:46:57.704016364,Paid,48,15.26,0,84.12,0,0
C-0000178,Medical Claim,Standard,Northeast,P-0005,M-00000061,Cardiology,Medication,2025-11-20 06:09:34,2025-11-20 18:50:54.085211962,Paid,72,12.69,0,59.8,0,0
C-0000179,Prior Authorization,Standard,West,P-0014,M-00000033,Orthopedics,Therapy,2025-08-30 02:21:03,2025-08-31 18:26:54.195728303,Paid,48,40.1,0,143.73,0,0
C-0000180,Out-of-Network Claim,High,Midwest,P-0014,M-00000164,Endocrinology,Imaging,2025-10-03 17:34:09,2025-10-04 07:55:14.744832927,Paid,96,14.35,0,104.51,0,0
C-0000181,Prior Authorization,Standard,Northeast,P-0010,M-00000417,Respiratory,Medication,2025-08-21 15:30:50,2025-08-24 04:41:32.432556736,Paid,48,61.18,1,379.19,0,0
C-0000182,Prior Authorization,Standard,Southwest,P-0019,M-00000431,Oncology,Diagnostic,2025-09-28 18:44:59,2025-09-29 20:48:07.046447550,Denied,48,26.05,0,116.3,0,0
C-0000183,Pharmacy Claim,Standard,Southwest,P-0017,M-00000285,Respiratory,Medication,2025-09-21 15:15:36,,Pending Info,48,16.33,0,60.41,0,0
C-0000184,Out-of-Network Claim,Standard,West,P-0014,M-00000128,Orthopedics,Outpatient,2025-10-05 22:38:34,2025-10-06 15:39:28.370539980,Paid,96,17.02,0,129.22,0,0
C-0000185,Pharmacy Claim,Standard,West,P-0019,M-00000277,Behavioral Health,Therapy,2025-09-10 23:17:52,2025-09-11 08:19:06.810136167,Paid,48,9.02,0,62.56,0,0
C-0000186,Medical Claim,Standard,Southeast,P-0020,M-00000002,Oncology,Diagnostic,2025-10-07 04:36:24,2025-10-07 16:13:47.991836142,Paid,72,11.62,0,56.3,0,0
C-0000187,Pharmacy Claim,Standard,Midwest,P-0015,M-00000388,Cardiology,Outpatient,2025-11-29 01:24:47,2025-11-29 12:56:05.309741134,Paid,48,11.52,0,56.5,0,0
C-0000188,Medical Claim,Urgent,Northeast,P-0007,M-00000477,Orthopedics,Surgical,2025-09-18 12:36:03,2025-09-18 16:59:06.300937148,Denied,24,4.38,0,56.25,0,0
C-0000189,Medical Claim,Standard,West,P-0019,M-00000026,Orthopedics,Diagnostic,2025-09-05 03:09:36,2025-09-05 17:09:09.543447474,Paid,72,13.99,0,53.65,0,0
C-0000190,Medical Claim,Standard,Southeast,P-0018,M-00000022,Orthopedics,Imaging,2025-07-25 02:40:02,2025-07-25 16:51:23.653274011,Paid,72,14.19,0,69.96,0,0
C-0000191,Pharmacy Claim,Standard,Midwest,P-0025,M-00000068,Behavioral Health,Medication,2025-09-04 19:52:51,2025-09-05 01:44:20.473288355,Denied,48,5.86,0,67.25,0,0
C-0000192,Prior Authorization,Standard,Southwest,P-0004,M-00000388,Oncology,Imaging,2025-07-23 23:54:56,2025-07-26 20:43:18.633388921,Paid,48,68.81,1,524.96,1,0
C-0000193,Pharmacy Claim,Urgent,Southwest,P-0011,M-00000244,Respiratory,Diagnostic,2025-08-03 09:33:07,2025-08-03 15:56:32.793943243,Paid,24,6.39,0,65.95,0,0
C-0000194,Pharmacy Claim,Standard,Midwest,P-0024,M-00000381,Oncology,Outpatient,2025-12-22 06:16:50,2025-12-23 03:29:27.547635657,Paid,48,21.21,0,58.23,0,0
C-0000195,Out-of-Network Claim,Standard,West,P-0013,M-00000150,Oncology,Therapy,2025-07-17 08:42:30,2025-07-18 15:23:56.895583708,Paid,96,30.69,0,89.23,0,0
C-0000196,Appeal,Standard,Southeast,P-0024,M-00000112,Cardiology,Medication,2025-09-27 05:04:44,2025-10-01 05:01:09.098910906,Paid,120,95.94,0,191.07,0,0
C-0000197,Prior Authorization,High,Southeast,P-0001,M-00000460,Oncology,Surgical,2025-11-30 16:14:49,2025-12-01 18:31:25.441652023,Paid,48,26.28,0,130.9,0,0
C-0000198,Medical Claim,Standard,West,P-0001,M-00000035,Endocrinology,Inpatient,2025-12-22 10:28:43,2025-12-23 02:07:13.884625419,Paid,72,15.64,0,60.08,0,0
C-0000199,High-Cost Specialty Drug,High,Southeast,P-0020,M-00000469,Cardiology,Diagnostic,2025-07-27 20:22:02,2025-07-30 00:53:34.917652072,Paid,72,52.53,0,301.17,0,0
C-0000200,Medical Claim,Standard,Southeast,P-0009,M-00000400,Respiratory,Medication,2025-07-30 22:25:46,2025-07-31 10:54:31.615708216,Paid,72,12.48,0,45.89,0,0
C-0000201,Pharmacy Claim,Standard,Northeast,P-0014,M-00000013,Oncology,Inpatient,2025-09-07 04:26:43,2025-09-07 23:59:32.885982296,Paid,48,19.55,0,59.48,0,0
C-0000202,Out-of-Network Claim,High,Northeast,P-0011,M-00000209,Cardiology,Diagnostic,2025-10-10 10:59:50,2025-10-11 03:24:33.314300169,Paid,96,16.41,0,155.64,0,0
C-0000203,Prior Authorization,Standard,Midwest,P-0011,M-00000322,Respiratory,Inpatient,2025-12-23 15:28:30,2025-12-24 08:43:02.137119400,Paid,48,17.24,0,154.88,0,0
C-0000204,Appeal,High,Southeast,P-0024,M-00000225,Cardiology,Surgical,2025-08-08 00:17:39,2025-08-09 14:28:40.400762609,Paid,120,38.18,0,214.68,0,0
C-0000205,Prior Authorization,High,Northeast,P-0003,M-00000309,Oncology,Therapy,2025-07-31 02:01:23,2025-08-01 18:30:15.591315661,Paid,48,40.48,0,190.39,0,0
C-0000206,Prior Authorization,Urgent,Midwest,P-0020,M-00000184,Endocrinology,Outpatient,2025-08-16 07:59:12,2025-08-17 23:08:04.155041265,Paid,24,39.15,1,377.51,0,0
C-0000207,Medical Claim,Standard,West,P-0023,M-00000491,Endocrinology,Inpatient,2025-12-08 00:00:39,2025-12-08 14:23:57.118660107,Paid,72,14.39,0,54.04,0,0
C-0000208,Medical Claim,Standard,Southwest,P-0017,M-00000054,Cardiology,Medication,2025-07-06 11:59:58,2025-07-07 22:43:30.058453672,Paid,72,34.73,0,129.3,1,0
C-0000209,Pharmacy Claim,Standard,Southwest,P-0010,M-00000303,General,Medication,2025-09-08 13:32:47,2025-09-09 11:02:18.562438940,Paid,48,21.49,0,89.35,1,0
C-0000210,Medical Claim,Standard,Northeast,P-0005,M-00000105,Endocrinology,Therapy,2025-07-22 18:26:34,2025-07-24 01:15:24.465722279,Paid,72,30.81,0,74.36,0,0
C-0000211,High-Cost Specialty Drug,Standard,Northeast,P-0018,M-00000002,Respiratory,Inpatient,2025-07-29 17:51:51,2025-08-02 08:18:33.999170541,Denied,72,86.45,1,436.56,1,0
C-0000212,Medical Claim,High,Midwest,P-0012,M-00000433,Cardiology,Surgical,2025-12-15 18:47:53,2025-12-16 08:22:10.988989946,Paid,72,13.57,0,50.2,0,0
C-0000213,Prior Authorization,Standard,Midwest,P-0004,M-00000029,Orthopedics,Diagnostic,2025-07-01 07:17:51,2025-07-02 08:54:52.738838838,Paid,48,25.62,0,125.2,0,0
C-0000214,Appeal,Standard,Midwest,P-0009,M-00000483,Respiratory,Therapy,2025-08-28 20:10:22,2025-08-30 17:03:06.543695162,Paid,120,44.88,0,187.76,0,0
C-0000215,Appeal,Standard,Midwest,P-0025,M-00000357,Oncology,Outpatient,2025-12-15 12:32:39,2025-12-17 16:51:06.330639117,Paid,120,52.31,0,324.29,0,0
C-0000216,Pharmacy Claim,High,Midwest,P-0007,M-00000479,General,Surgical,2025-10-20 06:54:12,2025-10-21 05:23:27.565577670,Paid,48,22.49,0,51.96,0,0
C-0000217,Pharmacy Claim,Standard,Midwest,P-0005,M-00000423,Cardiology,Diagnostic,2025-07-14 03:08:55,2025-07-15 18:20:46.545321832,Paid,48,39.2,0,94.02,1,0
C-0000218,Out-of-Network Claim,Standard,Southeast,P-0018,M-00000123,Cardiology,Medication,2025-09-24 02:20:31,,Pending Info,96,41.98,0,102.3,0,0
C-0000219,Prior Authorization,Standard,Southwest,P-0005,M-00000154,Cardiology,Diagnostic,2025-12-25 16:23:41,2025-12-27 20:45:44.427911764,Denied,48,52.37,1,301.44,1,0
C-0000220,Appeal,Standard,Northeast,P-0023,M-00000133,Endocrinology,Inpatient,2025-09-12 06:46:54,2025-09-16 20:27:54.569303254,Paid,120,109.68,0,163.68,0,0
C-0000221,Out-of-Network Claim,Standard,Southwest,P-0022,M-00000480,Respiratory,Outpatient,2025-10-05 17:44:55,2025-10-06 17:19:52.055787499,Paid,96,23.58,0,158.36,0,0
C-0000222,Appeal,Standard,Northeast,P-0025,M-00000289,Orthopedics,Medication,2025-10-06 08:02:37,2025-10-07 09:49:26.535409452,Paid,120,25.78,0,183.66,0,0
C-0000223,Medical Claim,Standard,West,P-0023,M-00000353,Behavioral Health,Surgical,2025-10-29 20:41:01,2025-10-30 04:58:10.135223676,Paid,72,8.29,0,71.88,0,0
C-0000224,Prior Authorization,Standard,Northeast,P-0007,M-00000110,Endocrinology,Diagnostic,2025-08-04 06:21:12,2025-08-07 17:11:27.032959590,Paid,48,82.84,1,599.93,0,0
C-0000225,Medical Claim,Urgent,Southwest,P-0006,M-00000300,Cardiology,Diagnostic,2025-12-01 15:53:39,2025-12-02 14:49:53.177084999,Paid,24,22.94,0,127.84,1,0
C-0000226,Prior Authorization,High,Northeast,P-0009,M-00000387,Oncology,Surgical,2025-12-28 21:56:53,2025-12-29 15:07:08.249599805,Paid,48,17.17,0,118.81,0,0
C-0000227,Out-of-Network Claim,High,West,P-0012,M-00000390,General,Diagnostic,2025-07-27 02:05:41,2025-07-28 07:48:48.113160797,Paid,96,29.72,0,151.46,1,0
C-0000228,Prior Authorization,Standard,Southwest,P-0022,M-00000477,Endocrinology,Surgical,2025-11-27 18:00:29,2025-11-30 18:18:08.878755478,Paid,48,72.29,1,582.44,0,0
C-0000229,Pharmacy Claim,Standard,Southwest,P-0019,M-00000103,Respiratory,Imaging,2025-11-27 11:52:01,2025-11-28 07:08:31.777821698,Paid,48,19.28,0,58.78,0,0
C-0000230,Medical Claim,Standard,West,P-0017,M-00000497,Oncology,Inpatient,2025-11-13 17:10:17,2025-11-14 07:29:53.893334665,Paid,72,14.33,0,86.36,0,0
C-0000231,Out-of-Network Claim,Standard,Southwest,P-0022,M-00000459,Cardiology,Inpatient,2025-09-06 20:53:25,2025-09-08 08:41:14.363433466,Paid,96,35.8,0,198.07,2,1
C-0000232,Medical Claim,Standard,West,P-0017,M-00000035,Cardiology,Imaging,2025-09-24 18:47:26,2025-09-25 22:14:17.418236140,Denied,72,27.45,0,104.06,1,0
C-0000233,Medical Claim,Standard,Southeast,P-0010,M-00000427,Cardiology,Therapy,2025-12-01 13:48:59,2025-12-01 21:17:02.738833495,Paid,72,7.47,0,50.95,0,0
C-0000234,Medical Claim,Standard,West,P-0011,M-00000374,Respiratory,Surgical,2025-07-28 23:26:10,2025-07-31 15:16:56.756580649,Paid,72,63.85,0,122.56,1,0
C-0000235,Medical Claim,Standard,Southwest,P-0013,M-00000428,Behavioral Health,Inpatient,2025-11-29 15:50:53,2025-11-30 04:26:58.933722183,Paid,72,12.6,0,49.84,0,0
C-0000236,Pharmacy Claim,Standard,Midwest,P-0003,M-00000452,Cardiology,Medication,2025-12-16 11:33:52,2025-12-16 20:46:05.566325564,Paid,48,9.2,0,64.64,0,0
C-0000237,Prior Authorization,High,West,P-0019,M-00000120,Oncology,Surgical,2025-11-02 18:46:03,2025-11-03 15:27:08.844491264,Denied,48,20.68,0,223.42,0,0
C-0000238,Medical Claim,Standard,Southwest,P-0017,M-00000027,Behavioral Health,Outpatient,2025-09-01 11:22:19,2025-09-02 00:45:22.447759701,Paid,72,13.38,0,49.48,0,0
C-0000239,Medical Claim,Standard,Northeast,P-0019,M-00000188,Orthopedics,Surgical,2025-10-11 07:47:28,2025-10-11 22:10:17.205506614,Paid,72,14.38,0,64.53,0,0
C-0000240,Medical Claim,High,Southwest,P-0014,M-00000233,Cardiology,Inpatient,2025-07-10 04:04:06,2025-07-11 00:47:49.541442897,Paid,72,20.73,0,100.91,1,0
C-0000241,Pharmacy Claim,Standard,West,P-0020,M-00000048,General,Imaging,2025-12-18 12:28:55,2025-12-19 02:47:18.308569931,Paid,48,14.31,0,67.76,0,0
C-0000242,Medical Claim,Standard,Southeast,P-0024,M-00000011,General,Surgical,2025-09-01 15:50:13,2025-09-02 03:54:28.096196966,Paid,72,12.07,0,69.47,0,0
C-0000243,Prior Authorization,Standard,Midwest,P-0015,M-00000202,Behavioral Health,Diagnostic,2025-07-11 10:46:33,2025-07-13 08:26:16.352131614,Paid,48,45.66,0,171.3,0,0
C-0000244,Medical Claim,High,Southeast,P-0012,M-00000097,Respiratory,Surgical,2025-10-29 07:59:45,,Pending Info,72,6.57,0,50.35,0,0
C-0000245,Medical Claim,Standard,Northeast,P-0003,M-00000416,Behavioral Health,Inpatient,2025-10-22 22:56:12,2025-10-23 11:06:14.068660981,Paid,72,12.17,0,51.42,0,0
C-0000246,Pharmacy Claim,Standard,Midwest,P-0020,M-00000277,Respiratory,Medication,2025-07-10 21:35:34,2025-07-11 13:58:57.584974159,Paid,48,16.39,0,41.27,0,0
C-0000247,Pharmacy Claim,High,Southeast,P-0023,M-00000328,General,Medication,2025-11-15 09:40:59,,Pending Info,48,0.78,0,13.23,0,0
C-0000248,Medical Claim,High,West,P-0018,M-00000462,Cardiology,Therapy,2025-10-25 15:05:53,2025-10-26 01:08:53.764214190,Paid,72,10.05,0,41.8,0,0
C-0000249,Medical Claim,Urgent,Northeast,P-0022,M-00000189,Oncology,Surgical,2025-11-23 05:38:47,2025-11-24 17:19:48.605468897,Paid,24,35.68,1,386.3,4,1
C-0000250,High-Cost Specialty Drug,Standard,Southeast,P-0022,M-00000441,General,Surgical,2025-11-29 09:38:00,2025-12-02 23:41:01.195449328,Paid,72,86.05,1,352.46,0,0
