case_id,sla_breach_probability,predicted_completion_hours,anomaly_score,early_anomaly_score,retrospective_anomaly_score,retrospective_anomaly_flag,risk_level,top_risk_factors,recommended_action,anomaly_reason
C-0000001,7.654885676874154e-05,6.990794182428495,0.3413333333333333,0.3413333333333333,0.92,0,Low,"[""No dominant operational risk factor""]",Continue standard processing.,4 handoffs observed in prefix
C-0000002,0.030922798583312445,58.50042446033011,0.36233333333333334,0.36233333333333334,0.772,0,Low,"[""No dominant operational risk factor""]",Continue standard processing.,4 handoffs observed in prefix
C-0000003,0.2583367148449995,24.54560752504586,0.49733333333333335,0.49733333333333335,0.356,0,Medium,"[""Compressed priority SLA"", ""Complex prior authorization workflow""]",Monitor at the next activity transition.,4 handoffs observed in prefix
C-0000004,0.0013157739214082508,15.092274240107038,0.5033333333333334,0.5033333333333334,0.16,0,Low,"[""No dominant operational risk factor""]",Continue standard processing.,4 handoffs observed in prefix
C-0000005,0.05990213348137053,30.34095625104522,0.13433333333333333,0.13433333333333333,0.348,0,Low,"[""Compressed priority SLA"", ""Complex prior authorization workflow""]",Continue standard processing.,4 handoffs observed in prefix
C-0000006,0.007607264480635214,19.9830752298351,0.3443333333333333,0.3443333333333333,0.136,0,Low,"[""No dominant operational risk factor""]",Continue standard processing.,4 handoffs observed in prefix
C-0000007,0.9723006825089224,72.29895084861573,0.8296666666666667,0.8296666666666667,0.836,0,Critical,"[""High accumulated queue wait"", ""Complex prior authorization workflow""]",Escalate to the queue lead for immediate prioritization.,"4 handoffs observed in prefix, high observed queue wait"
C-0000008,0.042442113513023884,35.63025309751345,0.6683333333333333,0.6683333333333333,0.828,0,Low,"[""Missing or inconsistent documents"", ""Provider clarification loop"", ""Compressed priority SLA"", ""Complex prior authorization workflow""]",Continue standard processing.,"4 handoffs observed in prefix, provider clarification observed"
C-0000009,0.026317770209843567,58.38243954975389,0.7523333333333334,0.7523333333333334,0.944,0,Low,"[""Missing or inconsistent documents"", ""Provider clarification loop"", ""Compressed priority SLA"", ""Complex high-cost specialty drug workflow""]",Continue standard processing.,"4 handoffs observed in prefix, provider clarification observed"
C-0000010,0.22901999033205644,55.21000687922379,0.8446666666666667,0.8446666666666667,0.86,0,Low,"[""High accumulated queue wait""]",Continue standard processing.,"4 handoffs observed in prefix, high observed queue wait"
C-0000011,0.049197898131421745,24.40374534980311,0.5243333333333333,0.5243333333333333,0.904,0,Low,"[""Compressed priority SLA"", ""Complex prior authorization workflow""]",Continue standard processing.,4 handoffs observed in prefix
C-0000012,0.9376323460071772,53.424692010328734,0.8536666666666667,0.8536666666666667,0.636,0,Critical,"[""High accumulated queue wait"", ""Complex prior authorization workflow""]",Escalate to the queue lead for immediate prioritization.,"4 handoffs observed in prefix, high observed queue wait"
C-0000013,0.07563492784715464,74.30709362531206,0.6766666666666666,0.6766666666666666,0.656,0,Low,"[""High accumulated queue wait""]",Continue standard processing.,"4 handoffs observed in prefix, high observed queue wait"
C-0000014,0.0018850802828770591,16.71651230871317,0.3143333333333333,0.3143333333333333,0.22,0,Low,"[""No dominant operational risk factor""]",Continue standard processing.,4 handoffs observed in prefix
C-0000015,0.9773671892488728,71.77409459505839,0.5513333333333333,0.5513333333333333,0.844,0,Critical,"[""Complex high-cost specialty drug workflow""]",Escalate to the queue lead for immediate prioritization.,4 handoffs observed in prefix
C-0000016,0.017101695983266347,14.573584841407417,0.4403333333333333,0.4403333333333333,0.968,0,Low,"[""No dominant operational risk factor""]",Continue standard processing.,4 handoffs observed in prefix
C-0000017,0.004281252084708524,13.908925252671118,0.5753333333333334,0.5753333333333334,0.352,0,Low,"[""Compressed priority SLA""]",Continue standard processing.,4 handoffs observed in prefix
C-0000018,0.00013705412116467322,5.880443674625674,0.7433333333333334,0.7433333333333334,0.748,0,Low,"[""No dominant operational risk factor""]",Continue standard processing.,4 handoffs observed in prefix
C-0000019,0.041816976598124146,46.630978686540296,0.4463333333333333,0.4463333333333333,0.724,0,Low,"[""Compressed priority SLA"", ""Complex high-cost specialty drug workflow""]",Continue standard processing.,4 handoffs observed in prefix
C-0000020,0.002347333441669115,4.063598798826668,0.12833333333333333,0.12833333333333333,0.24,0,Low,"[""Compressed priority SLA""]",Continue standard processing.,4 handoffs observed in prefix
C-0000021,0.0006938909480643076,8.566807391045138,0.5423333333333333,0.5423333333333333,0.032,0,Low,"[""No dominant operational risk factor""]",Continue standard processing.,4 handoffs observed in prefix
C-0000022,0.004781618400439366,15.02791378264488,0.08933333333333333,0.08933333333333333,0.052,0,Low,"[""No dominant operational risk factor""]",Continue standard processing.,4 handoffs observed in prefix
C-0000023,0.6456021908615636,50.143378349711845,0.8116666666666666,0.8116666666666666,0.604,0,High,"[""Missing or inconsistent documents"", ""High accumulated queue wait"", ""Provider clarification loop""]",Move to the priority queue and review the next handoff.,"4 handoffs observed in prefix, provider clarification observed, high observed queue wait"
C-0000024,0.027444997284756512,9.489939995816947,0.3923333333333333,0.3923333333333333,0.208,0,Low,"[""Compressed priority SLA""]",Continue standard processing.,4 handoffs observed in prefix
C-0000025,0.012153887133836664,53.80502796297959,0.2963333333333333,0.2963333333333333,0.692,0,Low,"[""Compressed priority SLA""]",Continue standard processing.,4 handoffs observed in prefix
C-0000026,0.005633671540017852,20.20613199211642,0.10133333333333333,0.10133333333333333,0.488,0,Low,"[""No dominant operational risk factor""]",Continue standard processing.,4 handoffs observed in prefix
C-0000027,0.048591091360555956,47.52888971430813,0.7403333333333334,0.7403333333333334,0.732,0,Low,"[""Complex high-cost specialty drug workflow""]",Continue standard processing.,4 handoffs observed in prefix
C-0000028,0.545223782164729,61.34237009175468,0.25133333333333335,0.25133333333333335,0.412,0,High,"[""Complex high-cost specialty drug workflow""]",Move to the priority queue and review the next handoff.,4 handoffs observed in prefix
C-0000029,0.03453947481957825,2.088695214972411,0.12533333333333332,0.12533333333333332,0.868,0,Low,"[""Compressed priority SLA""]",Continue standard processing.,4 handoffs observed in prefix
C-0000030,0.012944138137941753,9.271049041073645,0.5093333333333333,0.5093333333333333,0.008,0,Low,"[""Compressed priority SLA""]",Continue standard processing.,4 handoffs observed in prefix
C-0000031,0.06450706029263353,28.746500271094312,0.14633333333333332,0.14633333333333332,0.648,0,Low,"[""Complex prior authorization workflow""]",Continue standard processing.,4 handoffs observed in prefix
C-0000032,0.0006342356571964398,11.021934933854489,0.25433333333333336,0.25433333333333336,0.324,0,Low,"[""No dominant operational risk factor""]",Continue standard processing.,4 handoffs observed in prefix
C-0000033,0.0002635902421965159,8.915877076270256,0.15833333333333333,0.15833333333333333,0.016,0,Low,"[""No dominant operational risk factor""]",Continue standard processing.,4 handoffs observed in prefix
C-0000034,0.02010207798103254,16.612804742424267,0.13133333333333333,0.13133333333333333,0.664,0,Low,"[""Compressed priority SLA""]",Continue standard processing.,4 handoffs observed in prefix
C-0000035,0.017394238973203798,31.144759798086177,0.2843333333333333,0.2843333333333333,0.432,0,Low,"[""No dominant operational risk factor""]",Continue standard processing.,4 handoffs observed in prefix
C-0000036,0.012608234963239422,42.519481287637525,0.6053333333333334,0.6053333333333334,0.752,0,Low,"[""No dominant operational risk factor""]",Continue standard processing.,4 handoffs observed in prefix
C-0000037,0.001590772589141583,10.024681190121392,0.43433333333333335,0.43433333333333335,0.82,0,Low,"[""Compressed priority SLA""]",Continue standard processing.,4 handoffs observed in prefix
C-0000038,0.9830523672903408,70.88726672162193,0.6166666666666666,0.6166666666666666,0.98,0,Critical,"[""High accumulated queue wait"", ""Complex prior authorization workflow""]",Escalate to the queue lead for immediate prioritization.,"4 handoffs observed in prefix, high observed queue wait"
C-0000039,0.9011386231509073,49.84111270457186,0.5843333333333334,0.5843333333333334,0.804,0,Critical,"[""Complex prior authorization workflow""]",Escalate to the queue lead for immediate prioritization.,4 handoffs observed in prefix
C-0000040,0.0043119090740479146,11.316553432427106,0.37733333333333335,0.37733333333333335,0.084,0,Low,"[""No dominant operational risk factor""]",Continue standard processing.,4 handoffs observed in prefix
C-0000041,0.25776329529853087,36.520685282057805,0.12233333333333332,0.12233333333333332,0.4,0,Medium,"[""Complex prior authorization workflow""]",Monitor at the next activity transition.,4 handoffs observed in prefix
C-0000042,0.06001382513153837,19.29431270785927,0.6413333333333334,0.6413333333333334,0.472,0,Low,"[""Missing or inconsistent documents"", ""Provider clarification loop"", ""Compressed priority SLA""]",Continue standard processing.,"4 handoffs observed in prefix, provider clarification observed"
C-0000043,0.001099937883208379,21.640949654187175,0.633,0.633,0.244,0,Low,"[""No dominant operational risk factor""]",Continue standard processing.,rare early routing pattern
C-0000044,0.241893904292812,36.55510605906898,0.3323333333333333,0.3323333333333333,0.284,0,Low,"[""Complex prior authorization workflow""]",Continue standard processing.,4 handoffs observed in prefix
C-0000045,0.011038889782395278,21.8867155839661,0.612,0.612,0.04,0,Low,"[""No dominant operational risk factor""]",Continue standard processing.,rare early routing pattern
C-0000046,0.008396035040549789,10.699618917119103,0.17333333333333334,0.17333333333333334,0.228,0,Low,"[""No dominant operational risk factor""]",Continue standard processing.,4 handoffs observed in prefix
C-0000047,0.00649326120990664,43.945332901804825,0.5633333333333334,0.5633333333333334,0.552,0,Low,"[""Complex high-cost specialty drug workflow""]",Continue standard processing.,4 handoffs observed in prefix
C-0000048,0.0021052169068938122,22.437968375509463,0.6113333333333334,0.6113333333333334,0.624,0,Low,"[""Missing or inconsistent documents"", ""Provider clarification loop"", ""Compressed priority SLA""]",Continue standard processing.,"4 handoffs observed in prefix, provider clarification observed"
C-0000049,0.2788943761046014,38.66532400223847,0.4373333333333333,0.4373333333333333,0.376,0,Medium,"[""Compressed priority SLA"", ""Complex prior authorization workflow""]",Monitor at the next activity transition.,4 handoffs observed in prefix
C-0000050,0.8253313564377512,70.55025870812005,0.2033333333333333,0.2033333333333333,0.76,0,Critical,"[""Complex high-cost specialty drug workflow""]",Escalate to the queue lead for immediate prioritization.,4 handoffs observed in prefix
C-0000051,0.05387425269092317,35.43908846628916,0.6803333333333333,0.6803333333333333,0.6,0,Low,"[""Missing or inconsistent documents"", ""Provider clarification loop""]",Continue standard processing.,"4 handoffs observed in prefix, provider clarification observed"
C-0000052,0.10602881367230681,34.14914799300096,0.6443333333333333,0.6443333333333333,0.584,0,Low,"[""Missing or inconsistent documents"", ""Provider clarification loop""]",Continue standard processing.,"4 handoffs observed in prefix, provider clarification observed"
C-0000053,0.9070291079861428,41.91991786814629,0.8123333333333334,0.8123333333333334,0.988,1,Critical,"[""Repeated workflow activity""]",Escalate to the queue lead for immediate prioritization.,1 rework loops observed in prefix
C-0000054,0.018709980524381272,26.130571165096406,0.5213333333333333,0.5213333333333333,0.268,0,Low,"[""No dominant operational risk factor""]",Continue standard processing.,4 handoffs observed in prefix
C-0000055,0.005675249028146955,14.708229950176253,0.38633333333333336,0.38633333333333336,0.292,0,Low,"[""No dominant operational risk factor""]",Continue standard processing.,4 handoffs observed in prefix
C-0000056,0.15355604721778776,75.33124153134986,0.7576666666666666,0.7576666666666666,0.796,0,Low,"[""High accumulated queue wait""]",Continue standard processing.,"4 handoffs observed in prefix, high observed queue wait"
C-0000057,0.05777297467573462,14.393143326687785,0.3383333333333333,0.3383333333333333,0.784,0,Low,"[""Compressed priority SLA""]",Continue standard processing.,4 handoffs observed in prefix
C-0000058,0.0028729412703624034,19.44164754813267,0.6713333333333334,0.6713333333333334,0.332,0,Low,"[""No dominant operational risk factor""]",Continue standard processing.,4 handoffs observed in prefix
C-0000059,0.010765859694116642,24.954656743104472,0.2993333333333333,0.2993333333333333,0.232,0,Low,"[""No dominant operational risk factor""]",Continue standard processing.,4 handoffs observed in prefix
C-0000060,5.2647249854409304e-05,6.397676897548656,0.5693333333333334,0.5693333333333334,0.816,0,Low,"[""No dominant operational risk factor""]",Continue standard processing.,4 handoffs observed in prefix
C-0000061,0.41315463130147984,61.259739449742945,0.8656666666666667,0.8656666666666667,0.888,0,Medium,"[""High accumulated queue wait""]",Monitor at the next activity transition.,"4 handoffs observed in prefix, high observed queue wait"
C-0000062,0.007390271226214737,16.286459066010373,0.5003333333333334,0.5003333333333334,0.544,0,Low,"[""No dominant operational risk factor""]",Continue standard processing.,4 handoffs observed in prefix
C-0000063,0.4223006764953941,47.974880018213305,0.8746666666666666,0.8746666666666666,0.7,0,Medium,"[""Missing or inconsistent documents"", ""High accumulated queue wait"", ""Provider clarification loop""]",Monitor at the next activity transition.,"4 handoffs observed in prefix, provider clarification observed, high observed queue wait"
C-0000064,0.2901826767467112,31.587825437995782,0.5993333333333334,0.5993333333333334,0.46,0,Medium,"[""Missing or inconsistent documents"", ""Provider clarification loop""]",Monitor at the next activity transition.,"4 handoffs observed in prefix, provider clarification observed"
C-0000065,0.00021039275706476442,7.367167187662069,0.2003333333333333,0.2003333333333333,0.172,0,Low,"[""No dominant operational risk factor""]",Continue standard processing.,4 handoffs observed in prefix
C-0000066,0.34517238634418296,43.721406532206636,0.4103333333333333,0.4103333333333333,0.32,0,Medium,"[""Complex prior authorization workflow""]",Monitor at the next activity transition.,4 handoffs observed in prefix
C-0000067,0.0005279145002309851,5.475540051300193,0.4703333333333333,0.4703333333333333,0.216,0,Low,"[""Compressed priority SLA""]",Continue standard processing.,4 handoffs observed in prefix
C-0000068,0.12382618864798195,33.368813683152446,0.8836666666666666,0.8836666666666666,0.78,0,Low,"[""Repeated workflow activity""]",Continue standard processing.,"4 handoffs observed in prefix, 1 rework loops observed in prefix"
C-0000069,0.04244674701661706,22.507596180618755,0.6143333333333333,0.6143333333333333,0.44,0,Low,"[""Missing or inconsistent documents"", ""Provider clarification loop""]",Continue standard processing.,"4 handoffs observed in prefix, provider clarification observed"
C-0000070,0.8415305919798602,77.27003496825319,0.7096666666666666,0.7096666666666666,0.896,0,Critical,"[""High accumulated queue wait"", ""Complex high-cost specialty drug workflow""]",Escalate to the queue lead for immediate prioritization.,"4 handoffs observed in prefix, high observed queue wait"
C-0000071,0.10277358525977834,34.624146380035775,0.7013333333333334,0.7013333333333334,0.672,0,Low,"[""Compressed priority SLA"", ""Complex prior authorization workflow""]",Continue standard processing.,4 handoffs observed in prefix
C-0000072,0.9339077619217829,44.30897993122597,0.25733333333333336,0.25733333333333336,0.444,0,Critical,"[""Complex prior authorization workflow""]",Escalate to the queue lead for immediate prioritization.,4 handoffs observed in prefix
C-0000073,0.35628395307821165,37.27199521650952,0.1913333333333333,0.1913333333333333,0.392,0,Medium,"[""Compressed priority SLA"", ""Complex prior authorization workflow""]",Monitor at the next activity transition.,4 handoffs observed in prefix
C-0000074,0.15575881589533477,67.71357229946352,0.8896666666666666,0.8896666666666666,0.736,0,Low,"[""Repeated workflow activity""]",Continue standard processing.,"4 handoffs observed in prefix, 1 rework loops observed in prefix"
C-0000075,0.01078306091418158,21.717843094994926,0.7343333333333334,0.7343333333333334,0.592,0,Low,"[""Missing or inconsistent documents"", ""Provider clarification loop""]",Continue standard processing.,"4 handoffs observed in prefix, provider clarification observed"
C-0000076,0.013596473174593855,13.575902446776702,0.09233333333333332,0.09233333333333332,0.128,0,Low,"[""Compressed priority SLA""]",Continue standard processing.,4 handoffs observed in prefix
C-0000077,0.24954649817634011,47.62997765272667,0.7193333333333334,0.7193333333333334,0.644,0,Low,"[""Missing or inconsistent documents"", ""Provider clarification loop"", ""Compressed priority SLA"", ""Complex prior authorization workflow""]",Continue standard processing.,"4 handoffs observed in prefix, provider clarification observed"
C-0000078,0.0018479123874531498,11.905750803479357,0.24533333333333335,0.24533333333333335,0.112,0,Low,"[""No dominant operational risk factor""]",Continue standard processing.,4 handoffs observed in prefix
C-0000079,0.8999692813814991,49.66342597605922,0.4613333333333333,0.4613333333333333,0.756,0,Critical,"[""Compressed priority SLA"", ""Complex high-cost specialty drug workflow""]",Escalate to the queue lead for immediate prioritization.,4 handoffs observed in prefix
C-0000080,0.0027931675148111794,12.913243666338083,0.6623333333333333,0.6623333333333333,0.368,0,Low,"[""No dominant operational risk factor""]",Continue standard processing.,4 handoffs observed in prefix
C-0000081,0.008927756018702934,49.07778641191522,0.6083333333333333,0.6083333333333333,0.688,0,Low,"[""No dominant operational risk factor""]",Continue standard processing.,4 handoffs observed in prefix
C-0000082,0.3609315568527446,59.95566593124466,0.49433333333333335,0.49433333333333335,0.704,0,Medium,"[""Complex high-cost specialty drug workflow""]",Monitor at the next activity transition.,4 handoffs observed in prefix
C-0000083,0.7929531133354434,38.07667530540244,0.38033333333333336,0.38033333333333336,0.596,0,Critical,"[""Complex prior authorization workflow""]",Escalate to the queue lead for immediate prioritization.,4 handoffs observed in prefix
C-0000084,0.3258172244163459,28.42971574588871,0.6923333333333334,0.6923333333333334,0.852,0,Medium,"[""No dominant operational risk factor""]",Monitor at the next activity transition.,4 handoffs observed in prefix
C-0000085,0.5828364155674588,39.91261912397494,0.10733333333333334,0.10733333333333334,0.3,0,High,"[""Complex prior authorization workflow""]",Move to the priority queue and review the next handoff.,4 handoffs observed in prefix
C-0000086,0.07143566570280972,50.66549457072205,0.4523333333333333,0.4523333333333333,0.464,0,Low,"[""Complex high-cost specialty drug workflow""]",Continue standard processing.,4 handoffs observed in prefix
C-0000087,0.008705077519112947,9.355475731025997,0.41633333333333333,0.41633333333333333,0.08,0,Low,"[""No dominant operational risk factor""]",Continue standard processing.,4 handoffs observed in prefix
C-0000088,0.006437065306793823,2.294177611149969,0.48233333333333334,0.48233333333333334,0.812,0,Low,"[""Compressed priority SLA""]",Continue standard processing.,4 handoffs observed in prefix
C-0000089,0.7826800074932734,59.221177265413196,0.7156666666666666,0.7156666666666666,0.972,0,Critical,"[""High accumulated queue wait"", ""Compressed priority SLA"", ""Complex prior authorization workflow""]",Escalate to the queue lead for immediate prioritization.,"4 handoffs observed in prefix, high observed queue wait"
C-0000090,0.011953041921496455,20.506547329581743,0.7073333333333334,0.7073333333333334,0.344,0,Low,"[""No dominant operational risk factor""]",Continue standard processing.,4 handoffs observed in prefix
C-0000091,0.03237288695643977,23.804142439499635,0.17033333333333334,0.17033333333333334,0.84,0,Low,"[""No dominant operational risk factor""]",Continue standard processing.,4 handoffs observed in prefix
C-0000092,0.47556303814967904,41.51165674306822,0.7043333333333334,0.7043333333333334,0.764,0,Medium,"[""Missing or inconsistent documents"", ""Provider clarification loop"", ""Compressed priority SLA""]",Monitor at the next activity transition.,"4 handoffs observed in prefix, provider clarification observed"
C-0000093,0.6418422162365159,39.07325241998479,0.8243333333333334,0.8243333333333334,0.9,0,High,"[""Missing or inconsistent documents"", ""Provider clarification loop"", ""Compressed priority SLA"", ""Complex prior authorization workflow""]",Move to the priority queue and review the next handoff.,"4 handoffs observed in prefix, provider clarification observed"
C-0000094,0.009450764574607523,12.588157705607848,0.4643333333333333,0.4643333333333333,0.168,0,Low,"[""No dominant operational risk factor""]",Continue standard processing.,4 handoffs observed in prefix
C-0000095,0.0015563381619668353,10.060189094348296,0.41333333333333333,0.41333333333333333,0.396,0,Low,"[""No dominant operational risk factor""]",Continue standard processing.,4 handoffs observed in prefix
C-0000096,0.013419003269702415,15.331098332512518,0.38333333333333336,0.38333333333333336,0.236,0,Low,"[""No dominant operational risk factor""]",Continue standard processing.,4 handoffs observed in prefix
C-0000097,0.010978153313060783,7.394495365127348,0.35033333333333333,0.35033333333333333,0.1,0,Low,"[""Compressed priority SLA""]",Continue standard processing.,4 handoffs observed in prefix
C-0000098,0.0628632381948487,32.974032272805296,0.2723333333333333,0.2723333333333333,0.476,0,Low,"[""No dominant operational risk factor""]",Continue standard processing.,4 handoffs observed in prefix
C-0000099,0.00047194625942278295,8.715086258954223,0.10433333333333333,0.10433333333333333,0.096,0,Low,"[""No dominant operational risk factor""]",Continue standard processing.,4 handoffs observed in prefix
C-0000100,0.0050405571477308295,2.1599991604623554,0.747,0.747,0.996,1,Low,"[""No dominant operational risk factor""]",Continue standard processing.,rare early routing pattern
C-0000101,0.35075657630548407,36.73775534751747,0.37433333333333335,0.37433333333333335,0.72,0,Medium,"[""Compressed priority SLA"", ""Complex prior authorization workflow""]",Monitor at the next activity transition.,4 handoffs observed in prefix
C-0000102,0.010796713149797217,20.360955750356517,0.5063333333333333,0.5063333333333333,0.164,0,Low,"[""No dominant operational risk factor""]",Continue standard processing.,4 handoffs observed in prefix
C-0000103,0.0025562536915404886,9.190831343185899,0.15233333333333332,0.15233333333333332,0.224,0,Low,"[""No dominant operational risk factor""]",Continue standard processing.,4 handoffs observed in prefix
C-0000104,0.7444722898770159,48.560083255677235,0.48833333333333334,0.48833333333333334,0.532,0,High,"[""Complex prior authorization workflow""]",Move to the priority queue and review the next handoff.,4 handoffs observed in prefix
C-0000105,0.01814274430440328,19.977868678991975,0.15533333333333332,0.15533333333333332,0.34,0,Low,"[""Compressed priority SLA"", ""Complex prior authorization workflow""]",Continue standard processing.,4 handoffs observed in prefix
C-0000106,0.044422403323057996,30.8087216028298,0.36833333333333335,0.36833333333333335,0.428,0,Low,"[""No dominant operational risk factor""]",Continue standard processing.,4 handoffs observed in prefix
C-0000107,0.843658208838416,41.12378865606798,0.42833333333333334,0.42833333333333334,0.948,0,Critical,"[""Complex prior authorization workflow""]",Escalate to the queue lead for immediate prioritization.,4 handoffs observed in prefix
C-0000108,0.0010455939057258201,10.642811003298682,0.11633333333333333,0.11633333333333333,0.076,0,Low,"[""Compressed priority SLA""]",Continue standard processing.,4 handoffs observed in prefix
C-0000109,0.030130125255060765,30.449610708627468,0.7373333333333334,0.7373333333333334,0.908,0,Low,"[""Compressed priority SLA""]",Continue standard processing.,4 handoffs observed in prefix
C-0000110,0.005243568984059067,20.27175812944609,0.5123333333333333,0.5123333333333333,0.528,0,Low,"[""No dominant operational risk factor""]",Continue standard processing.,4 handoffs observed in prefix
C-0000111,0.9011436868744868,57.477440299307325,0.8686666666666667,0.8686666666666667,0.984,0,Critical,"[""Repeated workflow activity"", ""Complex prior authorization workflow""]",Escalate to the queue lead for immediate prioritization.,"4 handoffs observed in prefix, 1 rework loops observed in prefix"
C-0000112,0.023999393251093896,28.744013777298058,0.5393333333333333,0.5393333333333333,0.416,0,Low,"[""No dominant operational risk factor""]",Continue standard processing.,4 handoffs observed in prefix
C-0000113,0.08801560809544683,76.42524823848771,0.6376666666666666,0.6376666666666666,0.924,0,Low,"[""High accumulated queue wait""]",Continue standard processing.,"4 handoffs observed in prefix, high observed queue wait"
C-0000114,0.0386820228446714,46.60575523325395,0.6353333333333334,0.6353333333333334,0.436,0,Low,"[""Complex high-cost specialty drug workflow""]",Continue standard processing.,4 handoffs observed in prefix
C-0000115,0.006592347446726282,29.160649377183297,0.672,0.672,0.884,0,Low,"[""No dominant operational risk factor""]",Continue standard processing.,rare early routing pattern
C-0000116,0.26169163535608264,31.761943168498426,0.18533333333333335,0.18533333333333335,0.652,0,Medium,"[""Complex prior authorization workflow""]",Monitor at the next activity transition.,4 handoffs observed in prefix
C-0000117,0.0024167288785796608,12.955138685256777,0.4433333333333333,0.4433333333333333,0.388,0,Low,"[""No dominant operational risk factor""]",Continue standard processing.,4 handoffs observed in prefix
C-0000118,0.6703027646906687,35.36734795452674,0.18233333333333335,0.18233333333333335,0.492,0,High,"[""Complex prior authorization workflow""]",Move to the priority queue and review the next handoff.,4 handoffs observed in prefix
C-0000119,0.7298642116210652,47.59418974869789,0.35333333333333333,0.35333333333333333,0.384,0,High,"[""Complex prior authorization workflow""]",Move to the priority queue and review the next handoff.,4 handoffs observed in prefix
C-0000120,0.08339158820749347,27.722995581696757,0.6736666666666666,0.6736666666666666,0.372,0,Low,"[""High accumulated queue wait"", ""Compressed priority SLA""]",Continue standard processing.,"4 handoffs observed in prefix, high observed queue wait"
C-0000121,0.09040963350132165,18.171090101773764,0.11933333333333333,0.11933333333333333,0.364,0,Low,"[""No dominant operational risk factor""]",Continue standard processing.,4 handoffs observed in prefix
C-0000122,0.2211830839456163,36.61490515352512,0.8806666666666666,0.8806666666666666,0.66,0,Low,"[""Repeated workflow activity""]",Continue standard processing.,"4 handoffs observed in prefix, 1 rework loops observed in prefix"
C-0000123,0.40599658125093696,46.44104602963717,0.6136666666666666,0.6136666666666666,0.336,0,Medium,"[""High accumulated queue wait"", ""Compressed priority SLA"", ""Complex prior authorization workflow""]",Monitor at the next activity transition.,"4 handoffs observed in prefix, high observed queue wait"
C-0000124,0.08810453166993462,58.8942273542067,0.4013333333333333,0.4013333333333333,0.668,0,Low,"[""No dominant operational risk factor""]",Continue standard processing.,4 handoffs observed in prefix
C-0000125,0.009919801892492846,18.636988307740474,0.23633333333333334,0.23633333333333334,0.116,0,Low,"[""No dominant operational risk factor""]",Continue standard processing.,4 handoffs observed in prefix
C-0000126,0.021042788000357103,15.046909398672945,0.20933333333333332,0.20933333333333332,0.176,0,Low,"[""No dominant operational risk factor""]",Continue standard processing.,4 handoffs observed in prefix
C-0000127,0.0023235135758491432,18.770260263670657,0.5273333333333333,0.5273333333333333,0.252,0,Low,"[""No dominant operational risk factor""]",Continue standard processing.,4 handoffs observed in prefix
C-0000128,0.061904563261296376,57.701926864445035,0.3473333333333333,0.3473333333333333,0.452,0,Low,"[""No dominant operational risk factor""]",Continue standard processing.,4 handoffs observed in prefix
C-0000129,0.005849937450263335,11.588044482009316,0.3233333333333333,0.3233333333333333,0.064,0,Low,"[""Compressed priority SLA""]",Continue standard processing.,4 handoffs observed in prefix
C-0000130,0.010582629499468685,23.84999386671553,0.3083333333333333,0.3083333333333333,0.716,0,Low,"[""Compressed priority SLA""]",Continue standard processing.,4 handoffs observed in prefix
C-0000131,0.00022673536574304993,14.033012486168111,0.21533333333333332,0.21533333333333332,0.024,0,Low,"[""No dominant operational risk factor""]",Continue standard processing.,4 handoffs observed in prefix
C-0000132,0.12328413213526042,25.69727360918285,0.7133333333333334,0.7133333333333334,0.62,0,Low,"[""No dominant operational risk factor""]",Continue standard processing.,4 handoffs observed in prefix
C-0000133,0.003820987711623129,16.135904725547682,0.4493333333333333,0.4493333333333333,0.02,0,Low,"[""No dominant operational risk factor""]",Continue standard processing.,4 handoffs observed in prefix
C-0000134,0.20471522726081703,53.1525013272576,0.7673333333333334,0.7673333333333334,0.976,0,Low,"[""No dominant operational risk factor""]",Continue standard processing.,4 handoffs observed in prefix
C-0000135,0.00011536927692371538,11.360096578619398,0.4553333333333333,0.4553333333333333,0.728,0,Low,"[""Compressed priority SLA""]",Continue standard processing.,4 handoffs observed in prefix
C-0000136,0.935963605648336,42.393255799189724,0.8183333333333334,0.8183333333333334,0.684,0,Critical,"[""Complex prior authorization workflow""]",Escalate to the queue lead for immediate prioritization.,4 handoffs observed in prefix
C-0000137,0.0060107376518866934,48.73792322486475,0.6863333333333334,0.6863333333333334,0.408,0,Low,"[""No dominant operational risk factor""]",Continue standard processing.,4 handoffs observed in prefix
C-0000138,0.13999691384106347,32.046806265068206,0.5153333333333333,0.5153333333333333,0.58,0,Low,"[""No dominant operational risk factor""]",Continue standard processing.,4 handoffs observed in prefix
C-0000139,0.045950813340575714,57.78649236726728,0.6563333333333333,0.6563333333333333,0.956,0,Low,"[""Missing or inconsistent documents"", ""Provider clarification loop"", ""Complex high-cost specialty drug workflow""]",Continue standard processing.,"4 handoffs observed in prefix, provider clarification observed"
C-0000140,0.013250737801753436,19.247619555535046,0.3203333333333333,0.3203333333333333,0.132,0,Low,"[""No dominant operational risk factor""]",Continue standard processing.,4 handoffs observed in prefix
C-0000141,0.0008900625437684395,8.178601054281451,0.3353333333333333,0.3353333333333333,0.156,0,Low,"[""Compressed priority SLA""]",Continue standard processing.,4 handoffs observed in prefix
C-0000142,0.03261129930185836,14.399675464053509,0.49133333333333334,0.49133333333333334,0.072,0,Low,"[""No dominant operational risk factor""]",Continue standard processing.,4 handoffs observed in prefix
C-0000143,0.008900840977878794,24.13671203043487,0.5603333333333333,0.5603333333333333,0.54,0,Low,"[""No dominant operational risk factor""]",Continue standard processing.,4 handoffs observed in prefix
C-0000144,0.18286353709977407,24.874260291372032,0.6503333333333333,0.6503333333333333,0.496,0,Low,"[""Complex prior authorization workflow""]",Continue standard processing.,4 handoffs observed in prefix
C-0000145,0.6204275123027724,43.531019875723594,0.2783333333333333,0.2783333333333333,0.264,0,High,"[""Compressed priority SLA"", ""Complex prior authorization workflow""]",Move to the priority queue and review the next handoff.,4 handoffs observed in prefix
C-0000146,0.0059843353380463,61.22739042095623,0.3526666666666667,0.3526666666666667,0.48,0,Low,"[""High accumulated queue wait""]",Continue standard processing.,"4 handoffs observed in prefix, high observed queue wait"
C-0000147,0.649522555517921,63.74625385114951,0.22133333333333333,0.22133333333333333,0.404,0,High,"[""Complex high-cost specialty drug workflow""]",Move to the priority queue and review the next handoff.,4 handoffs observed in prefix
C-0000148,0.9410274289702982,30.307556238756895,0.8273333333333334,0.8273333333333334,0.992,1,Critical,"[""Compressed priority SLA"", ""Complex prior authorization workflow""]",Escalate to the queue lead for immediate prioritization.,4 handoffs observed in prefix
C-0000149,0.14625336535795913,53.663423790426016,0.7253333333333334,0.7253333333333334,0.612,0,Low,"[""No dominant operational risk factor""]",Continue standard processing.,4 handoffs observed in prefix
C-0000150,0.08632165946465473,36.483552500772255,0.8213333333333334,0.8213333333333334,0.272,0,Low,"[""Missing or inconsistent documents"", ""Provider clarification loop""]",Continue standard processing.,"4 handoffs observed in prefix, provider clarification observed"
C-0000151,0.0016323202115469048,11.4383930788265,0.3113333333333333,0.3113333333333333,0.192,0,Low,"[""No dominant operational risk factor""]",Continue standard processing.,4 handoffs observed in prefix
C-0000152,0.26653264150316613,32.99985131053223,0.5363333333333333,0.5363333333333333,0.328,0,Medium,"[""Complex prior authorization workflow""]",Monitor at the next activity transition.,4 handoffs observed in prefix
C-0000153,0.07137889715028048,46.28359693515609,0.43133333333333335,0.43133333333333335,0.608,0,Low,"[""Complex high-cost specialty drug workflow""]",Continue standard processing.,4 handoffs observed in prefix
C-0000154,0.004924896747513094,24.434443034572674,0.7733333333333334,0.7733333333333334,0.516,0,Low,"[""No dominant operational risk factor""]",Continue standard processing.,4 handoffs observed in prefix
C-0000155,0.4488104058841117,43.91965630578489,0.16433333333333333,0.16433333333333333,0.424,0,Medium,"[""Complex prior authorization workflow""]",Monitor at the next activity transition.,4 handoffs observed in prefix
C-0000156,0.8643093846035746,49.42267317353163,0.1433333333333333,0.1433333333333333,0.912,0,Critical,"[""Complex prior authorization workflow""]",Escalate to the queue lead for immediate prioritization.,4 handoffs observed in prefix
C-0000157,0.00018977702388652725,3.265005110763248,0.3893333333333333,0.3893333333333333,0.044,0,Low,"[""No dominant operational risk factor""]",Continue standard processing.,4 handoffs observed in prefix
C-0000158,0.0053529195725963725,21.76104919667319,0.23933333333333334,0.23933333333333334,0.144,0,Low,"[""No dominant operational risk factor""]",Continue standard processing.,4 handoffs observed in prefix
C-0000159,0.2819107303595444,63.463119873674266,0.5686666666666667,0.5686666666666667,0.556,0,Medium,"[""High accumulated queue wait"", ""Complex high-cost specialty drug workflow""]",Monitor at the next activity transition.,"4 handoffs observed in prefix, high observed queue wait"
C-0000160,0.8545361147379286,59.127198646613586,0.7306666666666667,0.7306666666666667,0.832,0,Critical,"[""High accumulated queue wait"", ""Complex prior authorization workflow""]",Escalate to the queue lead for immediate prioritization.,"4 handoffs observed in prefix, high observed queue wait"
C-0000161,0.009182116232186106,14.385469819209455,0.09833333333333333,0.09833333333333333,0.184,0,Low,"[""No dominant operational risk factor""]",Continue standard processing.,4 handoffs observed in prefix
C-0000162,0.17027009950508437,48.30479143404592,0.47333333333333333,0.47333333333333333,0.42,0,Low,"[""Complex high-cost specialty drug workflow""]",Continue standard processing.,4 handoffs observed in prefix
C-0000163,0.4786552424528001,41.387155479358164,0.8866666666666666,0.8866666666666666,0.792,0,Medium,"[""Repeated workflow activity""]",Monitor at the next activity transition.,"4 handoffs observed in prefix, 1 rework loops observed in prefix"
C-0000164,0.5213198706169871,66.19295441509962,0.5873333333333334,0.5873333333333334,0.952,0,High,"[""Missing or inconsistent documents"", ""Provider clarification loop"", ""Complex high-cost specialty drug workflow""]",Move to the priority queue and review the next handoff.,"4 handoffs observed in prefix, provider clarification observed"
C-0000165,0.011644939015495081,18.792721345824596,0.23333333333333334,0.23333333333333334,0.012,0,Low,"[""No dominant operational risk factor""]",Continue standard processing.,4 handoffs observed in prefix
C-0000166,0.7344531216138177,51.440345555377924,0.7486666666666667,0.7486666666666667,0.56,0,High,"[""High accumulated queue wait"", ""Complex prior authorization workflow""]",Move to the priority queue and review the next handoff.,"4 handoffs observed in prefix, high observed queue wait"
C-0000167,0.0009292665346727849,8.027014723506461,0.29333333333333333,0.29333333333333333,0.188,0,Low,"[""No dominant operational risk factor""]",Continue standard processing.,4 handoffs observed in prefix
C-0000168,0.0241234468940957,32.62546849970932,0.7666666666666667,0.7666666666666667,0.508,0,Low,"[""Missing or inconsistent documents"", ""High accumulated queue wait"", ""Provider clarification loop""]",Continue standard processing.,"4 handoffs observed in prefix, provider clarification observed, high observed queue wait"
C-0000169,0.28088508079409097,54.06275381234537,0.4583333333333333,0.4583333333333333,0.744,0,Medium,"[""Complex high-cost specialty drug workflow""]",Monitor at the next activity transition.,4 handoffs observed in prefix
C-0000170,2.5834728162862818e-05,1.2350812167334837,0.42233333333333334,0.42233333333333334,0.776,0,Low,"[""Compressed priority SLA""]",Continue standard processing.,4 handoffs observed in prefix
C-0000171,0.003991657433875108,5.574120968813311,0.3263333333333333,0.3263333333333333,0.448,0,Low,"[""Compressed priority SLA""]",Continue standard processing.,4 handoffs observed in prefix
C-0000172,0.00021560931290596518,10.302836168416555,0.7943333333333333,0.7943333333333333,0.204,0,Low,"[""No dominant operational risk factor""]",Continue standard processing.,4 handoffs observed in prefix
C-0000173,0.9697199678733965,58.27616307901392,0.7643333333333334,0.7643333333333334,0.824,0,Critical,"[""Missing or inconsistent documents"", ""Provider clarification loop"", ""Complex prior authorization workflow""]",Escalate document resolution and reserve senior-review capacity.,"4 handoffs observed in prefix, provider clarification observed"
C-0000174,0.3221648777328051,63.65140008444792,0.5663333333333334,0.5663333333333334,0.632,0,Medium,"[""No dominant operational risk factor""]",Monitor at the next activity transition.,4 handoffs observed in prefix
C-0000175,0.009107781633318787,22.92981825642108,0.42533333333333334,0.42533333333333334,0.5,0,Low,"[""No dominant operational risk factor""]",Continue standard processing.,4 handoffs observed in prefix
C-0000176,0.010022475359457902,12.21405917567882,0.22433333333333333,0.22433333333333333,0.06,0,Low,"[""Compressed priority SLA""]",Continue standard processing.,4 handoffs observed in prefix
C-0000177,0.0010556795971767496,13.764499405450813,0.6983333333333334,0.6983333333333334,0.28,0,Low,"[""No dominant operational risk factor""]",Continue standard processing.,4 handoffs observed in prefix
C-0000178,0.05929144226458468,17.17926966639886,0.4043333333333333,0.4043333333333333,0.036,0,Low,"[""No dominant operational risk factor""]",Continue standard processing.,4 handoffs observed in prefix
C-0000179,0.24846658950328068,39.718754804811006,0.3983333333333333,0.3983333333333333,0.676,0,Low,"[""Complex prior authorization workflow""]",Continue standard processing.,4 handoffs observed in prefix
C-0000180,0.008378171552571438,15.028068850766665,0.24833333333333335,0.24833333333333335,0.616,0,Low,"[""Compressed priority SLA""]",Continue standard processing.,4 handoffs observed in prefix
C-0000181,0.7099630204450679,37.69082167807307,0.28733333333333333,0.28733333333333333,0.712,0,High,"[""Complex prior authorization workflow""]",Move to the priority queue and review the next handoff.,4 handoffs observed in prefix
C-0000182,0.4686700384492736,44.04229181298184,0.2813333333333333,0.2813333333333333,0.548,0,Medium,"[""Complex prior authorization workflow""]",Monitor at the next activity transition.,4 handoffs observed in prefix
C-0000183,0.005518722342468089,14.613123954774899,0.09533333333333333,0.09533333333333333,0.64,0,Low,"[""No dominant operational risk factor""]",Continue standard processing.,4 handoffs observed in prefix
C-0000184,0.007526532730088481,18.23531278351306,0.3293333333333333,0.3293333333333333,0.564,0,Low,"[""No dominant operational risk factor""]",Continue standard processing.,4 handoffs observed in prefix
C-0000185,0.0007593196874350873,9.327275434843166,0.1973333333333333,0.1973333333333333,0.148,0,Low,"[""No dominant operational risk factor""]",Continue standard processing.,4 handoffs observed in prefix
C-0000186,0.004288680970494438,16.16275606905902,0.1373333333333333,0.1373333333333333,0.12,0,Low,"[""No dominant operational risk factor""]",Continue standard processing.,4 handoffs observed in prefix
C-0000187,0.004216754343215445,12.810008774682053,0.17933333333333334,0.17933333333333334,0.124,0,Low,"[""No dominant operational risk factor""]",Continue standard processing.,4 handoffs observed in prefix
C-0000188,0.01751610216433796,3.0353574602181723,0.35633333333333334,0.35633333333333334,0.848,0,Low,"[""Compressed priority SLA""]",Continue standard processing.,4 handoffs observed in prefix
C-0000189,0.00012050027856715409,6.393339758688633,0.3953333333333333,0.3953333333333333,0.088,0,Low,"[""No dominant operational risk factor""]",Continue standard processing.,4 handoffs observed in prefix
C-0000190,0.0054285410639329035,16.31362415983063,0.47633333333333333,0.47633333333333333,0.048,0,Low,"[""No dominant operational risk factor""]",Continue standard processing.,4 handoffs observed in prefix
C-0000191,0.002125863575413128,4.640572876998029,0.1943333333333333,0.1943333333333333,0.872,0,Low,"[""No dominant operational risk factor""]",Continue standard processing.,4 handoffs observed in prefix
C-0000192,0.7824364954111428,62.51729248903485,0.8626666666666667,0.8626666666666667,0.928,0,Critical,"[""Missing or inconsistent documents"", ""High accumulated queue wait"", ""Provider clarification loop"", ""Complex prior authorization workflow""]",Escalate document resolution and reserve senior-review capacity.,"4 handoffs observed in prefix, provider clarification observed, high observed queue wait"
C-0000193,0.0006433245704732935,3.032372181637136,0.6023333333333333,0.6023333333333333,0.26,0,Low,"[""Compressed priority SLA""]",Continue standard processing.,4 handoffs observed in prefix
C-0000194,0.005671315548870139,19.613311207709025,0.47933333333333333,0.47933333333333333,0.196,0,Low,"[""No dominant operational risk factor""]",Continue standard processing.,4 handoffs observed in prefix
C-0000195,0.017846999342107938,28.31227106364441,0.21233333333333332,0.21233333333333332,0.588,0,Low,"[""No dominant operational risk factor""]",Continue standard processing.,4 handoffs observed in prefix
C-0000196,0.21609186964048016,66.92786487841931,0.3586666666666667,0.3586666666666667,0.892,0,Low,"[""High accumulated queue wait""]",Continue standard processing.,"4 handoffs observed in prefix, high observed queue wait"
C-0000197,0.350746862017266,26.347327684811724,0.5453333333333333,0.5453333333333333,0.296,0,Medium,"[""Compressed priority SLA"", ""Complex prior authorization workflow""]",Monitor at the next activity transition.,4 handoffs observed in prefix
C-0000198,0.0009566645713826075,16.078754315189606,0.5573333333333333,0.5573333333333333,0.028,0,Low,"[""No dominant operational risk factor""]",Continue standard processing.,4 handoffs observed in prefix
C-0000199,0.016197498020730984,42.18432705118932,0.7583333333333334,0.7583333333333334,0.628,0,Low,"[""Compressed priority SLA"", ""Complex high-cost specialty drug workflow""]",Continue standard processing.,4 handoffs observed in prefix
C-0000200,0.0048115984648671485,16.600425031349808,0.5783333333333334,0.5783333333333334,0.288,0,Low,"[""No dominant operational risk factor""]",Continue standard processing.,4 handoffs observed in prefix
C-0000201,0.04924867383070924,22.98878905874529,0.08633333333333333,0.08633333333333333,0.104,0,Low,"[""No dominant operational risk factor""]",Continue standard processing.,4 handoffs observed in prefix
C-0000202,0.019719110550679198,9.617910805332947,0.6203333333333333,0.6203333333333333,0.708,0,Low,"[""Compressed priority SLA""]",Continue standard processing.,4 handoffs observed in prefix
C-0000203,0.5691523120611008,36.7838693885135,0.4073333333333333,0.4073333333333333,0.536,0,High,"[""Complex prior authorization workflow""]",Move to the priority queue and review the next handoff.,4 handoffs observed in prefix
C-0000204,0.007476763818914767,45.72491107296754,0.16133333333333333,0.16133333333333333,0.484,0,Low,"[""Compressed priority SLA""]",Continue standard processing.,4 handoffs observed in prefix
C-0000205,0.3213603396648564,28.965009141952812,0.14933333333333332,0.14933333333333332,0.524,0,Medium,"[""Compressed priority SLA"", ""Complex prior authorization workflow""]",Monitor at the next activity transition.,4 handoffs observed in prefix
C-0000206,0.8980103461296881,41.96649811161911,0.5483333333333333,0.5483333333333333,0.808,0,Critical,"[""Compressed priority SLA"", ""Complex prior authorization workflow""]",Escalate to the queue lead for immediate prioritization.,4 handoffs observed in prefix
C-0000207,0.005077667104200606,21.112454343475186,0.2633333333333333,0.2633333333333333,0.068,0,Low,"[""No dominant operational risk factor""]",Continue standard processing.,4 handoffs observed in prefix
C-0000208,0.0421182489350936,19.740183300623933,0.7223333333333334,0.7223333333333334,0.276,0,Low,"[""Missing or inconsistent documents"", ""Provider clarification loop""]",Continue standard processing.,"4 handoffs observed in prefix, provider clarification observed"
C-0000209,0.6388880901011211,35.12176751650157,0.8153333333333334,0.8153333333333334,0.68,0,High,"[""Repeated workflow activity""]",Move to the priority queue and review the next handoff.,1 rework loops observed in prefix
C-0000210,0.004604949042557666,18.623225039189727,0.2603333333333333,0.2603333333333333,0.456,0,Low,"[""No dominant operational risk factor""]",Continue standard processing.,4 handoffs observed in prefix
C-0000211,0.9035040390528754,79.31950603817882,0.6293333333333334,0.6293333333333334,0.94,0,Critical,"[""Missing or inconsistent documents"", ""Provider clarification loop"", ""Complex high-cost specialty drug workflow""]",Escalate document resolution and reserve senior-review capacity.,"4 handoffs observed in prefix, provider clarification observed"
C-0000212,0.003881415475203093,14.256356851466087,0.29033333333333333,0.29033333333333333,0.152,0,Low,"[""Compressed priority SLA""]",Continue standard processing.,4 handoffs observed in prefix
C-0000213,0.113050055562579,37.049046328744815,0.37133333333333335,0.37133333333333335,0.316,0,Low,"[""Complex prior authorization workflow""]",Continue standard processing.,4 handoffs observed in prefix
C-0000214,0.07301493409975697,61.47940659747474,0.36533333333333334,0.36533333333333334,0.52,0,Low,"[""No dominant operational risk factor""]",Continue standard processing.,4 handoffs observed in prefix
C-0000215,0.007847092437594284,49.18839239644684,0.4673333333333333,0.4673333333333333,0.8,0,Low,"[""No dominant operational risk factor""]",Continue standard processing.,4 handoffs observed in prefix
C-0000216,0.017668222819418385,18.424470743440914,0.21833333333333332,0.21833333333333332,0.256,0,Low,"[""Compressed priority SLA""]",Continue standard processing.,4 handoffs observed in prefix
C-0000217,0.12961031607676485,35.19281418190054,0.6773333333333335,0.6773333333333335,0.568,0,Low,"[""Missing or inconsistent documents"", ""Provider clarification loop""]",Continue standard processing.,"4 handoffs observed in prefix, provider clarification observed"
C-0000218,0.6765320290728293,49.14359284233388,0.7006666666666667,0.7006666666666667,0.876,0,High,"[""High accumulated queue wait""]",Move to the priority queue and review the next handoff.,"4 handoffs observed in prefix, high observed queue wait"
C-0000219,0.7436376783293261,46.396283053717305,0.8326666666666667,0.8326666666666667,0.932,0,High,"[""High accumulated queue wait"", ""Complex prior authorization workflow""]",Move to the priority queue and review the next handoff.,"4 handoffs observed in prefix, high observed queue wait"
C-0000220,0.46095280977986414,69.89185927370045,0.1403333333333333,0.1403333333333333,0.96,0,Medium,"[""No dominant operational risk factor""]",Monitor at the next activity transition.,4 handoffs observed in prefix
C-0000221,0.028002703364657766,20.944626280257168,0.6233333333333334,0.6233333333333334,0.572,0,Low,"[""No dominant operational risk factor""]",Continue standard processing.,4 handoffs observed in prefix
C-0000222,0.040826105362780266,46.35389249998992,0.11333333333333333,0.11333333333333333,0.696,0,Low,"[""No dominant operational risk factor""]",Continue standard processing.,4 handoffs observed in prefix
C-0000223,0.0032742456753248406,12.632164455076243,0.24233333333333335,0.24233333333333335,0.248,0,Low,"[""No dominant operational risk factor""]",Continue standard processing.,4 handoffs observed in prefix
C-0000224,0.989033737488504,85.23256127912873,0.8716666666666666,0.8716666666666666,0.936,0,Critical,"[""High accumulated queue wait"", ""Complex prior authorization workflow""]",Escalate to the queue lead for immediate prioritization.,"4 handoffs observed in prefix, high observed queue wait"
C-0000225,0.024271254883448674,11.479053086457277,0.6893333333333335,0.6893333333333335,0.308,0,Low,"[""Missing or inconsistent documents"", ""Provider clarification loop"", ""Compressed priority SLA""]",Continue standard processing.,"4 handoffs observed in prefix, provider clarification observed"
C-0000226,0.8854028040776173,37.24695682922334,0.3053333333333333,0.3053333333333333,0.468,0,Critical,"[""Compressed priority SLA"", ""Complex prior authorization workflow""]",Escalate to the queue lead for immediate prioritization.,4 handoffs observed in prefix
C-0000227,0.001843021004510207,22.75265144969604,0.6593333333333334,0.6593333333333334,0.74,0,Low,"[""Missing or inconsistent documents"", ""Provider clarification loop"", ""Compressed priority SLA""]",Continue standard processing.,"4 handoffs observed in prefix, provider clarification observed"
C-0000228,0.86487019989231,49.068364897473664,0.7763333333333334,0.7763333333333334,0.88,0,Critical,"[""Complex prior authorization workflow""]",Escalate to the queue lead for immediate prioritization.,4 handoffs observed in prefix
C-0000229,0.035144082206875746,20.71053167094545,0.41933333333333334,0.41933333333333334,0.092,0,Low,"[""No dominant operational risk factor""]",Continue standard processing.,4 handoffs observed in prefix
C-0000230,0.0007139350222814199,14.800724715429517,0.5963333333333334,0.5963333333333334,0.304,0,Low,"[""No dominant operational risk factor""]",Continue standard processing.,4 handoffs observed in prefix
C-0000231,0.0712984486327623,37.652488676124484,0.7103333333333334,0.7103333333333334,0.864,0,Low,"[""Missing or inconsistent documents"", ""Provider clarification loop""]",Continue standard processing.,"4 handoffs observed in prefix, provider clarification observed"
C-0000232,0.04429956132683254,31.09573586189868,0.6383333333333333,0.6383333333333333,0.504,0,Low,"[""Missing or inconsistent documents"", ""Provider clarification loop""]",Continue standard processing.,"4 handoffs observed in prefix, provider clarification observed"
C-0000233,0.0007693362468863384,6.4585088949475065,0.23033333333333333,0.23033333333333333,0.312,0,Low,"[""No dominant operational risk factor""]",Continue standard processing.,4 handoffs observed in prefix
C-0000234,0.7942322877686606,72.18733395591653,0.8926666666666666,0.8926666666666666,0.788,0,Critical,"[""Missing or inconsistent documents"", ""High accumulated queue wait"", ""Provider clarification loop""]",Escalate document resolution and reserve senior-review capacity.,"4 handoffs observed in prefix, provider clarification observed, high observed queue wait"
C-0000235,0.0042133329764894875,18.908956294957143,0.16733333333333333,0.16733333333333333,0.212,0,Low,"[""No dominant operational risk factor""]",Continue standard processing.,4 handoffs observed in prefix
C-0000236,0.009964424980191566,11.648309477589926,0.5183333333333333,0.5183333333333333,0.108,0,Low,"[""No dominant operational risk factor""]",Continue standard processing.,4 handoffs observed in prefix
C-0000237,0.24785691332098406,29.90674312143893,0.3173333333333333,0.3173333333333333,0.768,0,Low,"[""Compressed priority SLA"", ""Complex prior authorization workflow""]",Continue standard processing.,4 handoffs observed in prefix
C-0000238,0.00021597551657871308,11.388930400634202,0.5723333333333334,0.5723333333333334,0.2,0,Low,"[""No dominant operational risk factor""]",Continue standard processing.,4 handoffs observed in prefix
C-0000239,0.0348686138956174,20.427080288966074,0.11033333333333332,0.11033333333333332,0.004,0,Low,"[""No dominant operational risk factor""]",Continue standard processing.,4 handoffs observed in prefix
C-0000240,0.029520419661538812,20.329566264572186,0.6533333333333334,0.6533333333333334,0.512,0,Low,"[""Missing or inconsistent documents"", ""Provider clarification loop"", ""Compressed priority SLA""]",Continue standard processing.,"4 handoffs observed in prefix, provider clarification observed"
C-0000241,0.019154516256650385,19.930096071892656,0.22733333333333333,0.22733333333333333,0.056,0,Low,"[""No dominant operational risk factor""]",Continue standard processing.,4 handoffs observed in prefix
C-0000242,0.008577994586843224,17.885900377496462,0.18833333333333335,0.18833333333333335,0.14,0,Low,"[""No dominant operational risk factor""]",Continue standard processing.,4 handoffs observed in prefix
C-0000243,0.02510175166769246,30.312362877632786,0.35933333333333334,0.35933333333333334,0.576,0,Low,"[""Complex prior authorization workflow""]",Continue standard processing.,4 handoffs observed in prefix
C-0000244,0.00111136756327644,9.440099294376758,0.2663333333333333,0.2663333333333333,0.916,0,Low,"[""Compressed priority SLA""]",Continue standard processing.,4 handoffs observed in prefix
C-0000245,0.00810214710007208,17.730493171025508,0.17633333333333334,0.17633333333333334,0.18,0,Low,"[""No dominant operational risk factor""]",Continue standard processing.,4 handoffs observed in prefix
C-0000246,0.03001394429255691,21.985861487870757,0.3023333333333333,0.3023333333333333,0.36,0,Low,"[""No dominant operational risk factor""]",Continue standard processing.,4 handoffs observed in prefix
C-0000247,0.031201417572540583,0.7800008395383955,0.75,0.75,1.0,1,Low,"[""Compressed priority SLA""]",Continue standard processing.,rare early routing pattern
C-0000248,0.0005728160842274762,4.527150665057668,0.2063333333333333,0.2063333333333333,0.38,0,Low,"[""Compressed priority SLA""]",Continue standard processing.,4 handoffs observed in prefix
C-0000249,0.8247148434805073,24.787801951539286,0.7313333333333334,0.7313333333333334,0.964,0,Critical,"[""Missing or inconsistent documents"", ""Provider clarification loop"", ""Compressed priority SLA""]",Escalate document resolution and reserve senior-review capacity.,"4 handoffs observed in prefix, provider clarification observed"
C-0000250,0.9078574557167814,66.89968070507982,0.5813333333333334,0.5813333333333334,0.856,0,Critical,"[""Complex high-cost specialty drug workflow""]",Escalate to the queue lead for immediate prioritization.,4 handoffs observed in prefix
